,A,B,C,D
2000-01-01,0.5791086884733744,0.35184851511654697,-0.07611611963025898,-0.02750655107648968
2000-01-02,0.8698170662606467,0.5067432411861573,1.0365638597131983,1.8213955824144565
2000-01-03,1.107003391148652,1.1649506417157327,2.762804416595592,2.5255457390367413
2000-01-04,0.09666030628823963,2.895268926059735,2.643441344058551,4.541039472192113
2000-01-05,1.8177804714275363,3.3305878977844716,3.7165064119053723,5.758107020986557
2000-01-06,0.8360749661869237,3.1282978313383505,5.201084509042609,5.4787833371026675
2000-01-07,0.5158417101294225,3.6049691944885023,5.5457677323854675,5.401343751978017
2000-01-08,0.7226376274826276,2.7344146523201847,5.390532955833362,4.773704318921244
2000-01-09,0.5373328860876714,3.288818554808924,6.423436817329687,5.570575044613632
2000-01-10,0.6970208220661475,4.448351447574833,5.7482575220437955,7.773572443246527
2000-01-11,1.8323087814598042,2.777066941856413,7.028161675980423,6.885804369586481
2000-01-12,3.2144664557578153,3.0594270804024397,6.3895388894693665,7.284274011650427
2000-01-13,3.265940115778756,5.012029251063498,4.5000227227642915,5.813773374612656
2000-01-14,3.719359160503494,5.936637980430945,4.753331939527193,5.0659399953443
2000-01-15,3.3592526065970025,4.549893431344881,4.176554562990979,5.006851298473951
2000-01-16,3.767122507146316,4.532057437339345,4.758333429789146,3.702476480844135
2000-01-17,3.2638012736618207,4.583028780565996,4.71590799208801,4.516243528962276
2000-01-18,1.3938044011683444,3.629426424771788,4.096455856957778,4.87774884163532
2000-01-19,2.9454554477823374,2.0563031570112518,2.796744324417304,4.742959679502811
2000-01-20,3.9103676329801957,3.044230960056295,1.603468479416054,4.063360168557223
2000-01-21,4.170953811902213,2.3608230132623538,1.0974765614225466,4.6587373385544115
2000-01-22,4.646190610891471,2.693124878602344,-0.26183617387146496,4.986722320756839
2000-01-23,3.9044980392680304,5.258930239073871,0.21862568387442732,5.807560956970283
2000-01-24,3.9764439039160067,6.651860690662401,2.0002702988888945,6.2621293920543435
2000-01-25,4.273641268500058,5.404669022367706,1.6082693888419026,5.96008503711448
2000-01-26,4.063187869422271,4.906679140352638,3.0559959172052746,6.917816749318449
2000-01-27,3.751215035475545,5.618921267849111,4.275549735826039,6.666345408067418
2000-01-28,3.172491539887992,4.961190306199455,4.528763372413473,7.930425377767234
2000-01-29,1.6852768235087918,5.160534846718914,3.191356337725818,7.448627222292115
2000-01-30,0.7688144974355882,6.747822273588012,3.4625073392617973,8.039412298045425
2000-01-31,0.9784383014828733,6.891182365663006,2.9578380530055988,7.529434239260446
2000-02-01,1.3312903407646275,7.337106095981337,3.671864797613536,8.865426253355226
2000-02-02,1.402041263689898,7.205553847035178,4.667913821120271,9.197060660901753
2000-02-03,0.7659898077599153,8.169887347599406,5.079604258549227,8.154129282395647
2000-02-04,0.5203569127531605,8.572877194994769,5.918046089585227,8.650412075239077
2000-02-05,1.3021987988903696,6.960863435931064,7.975085008998778,7.267280798959905
2000-02-06,-0.35506221046414677,7.81017435688523,6.832753160713156,7.7106849421191095
2000-02-07,0.372509294445891,8.919517197168362,6.907389278927266,7.324608152393159
2000-02-08,0.6435641822419413,8.290276680365347,8.481187704702595,9.963785492982579
2000-02-09,-0.6083614939670143,6.667953615483513,8.516850451522496,10.207504838663779
2000-02-10,-0.5431283186341687,4.651597492827618,7.20270783416865,10.26820457008669
2000-02-11,-0.10729239470602064,4.1987151601818695,6.092073182386381,11.41421011443336
2000-02-12,-0.08147661214769819,5.713247378772347,6.049060629583567,9.47940614450101
2000-02-13,-0.730700673490901,6.639551991285849,6.165266109977495,9.182849867465485
2000-02-14,-1.6721540941450588,5.645831744448892,5.859340991797689,8.381492820618273
2000-02-15,-0.9982781234864095,6.080777894661793,6.646629282143705,8.432913618296036
2000-02-16,0.043935533524047665,4.58931264652056,6.953508857819288,8.324619279696208
2000-02-17,-0.027013900668053786,4.709321568354844,6.5600434389356295,9.550514681975779
2000-02-18,-0.7451072251996644,4.04988896097347,7.158585108210377,9.395796349838367
2000-02-19,-1.6172024805989356,3.9103208256740216,4.9838583549621776,8.92132151358288
2000-02-20,-1.1458683787896045,3.604510650506296,3.8211565994468906,8.574785119398044
2000-02-21,-2.9465252545946514,4.260682385868545,3.318839449995626,7.461905153426055
2000-02-22,-2.242129977529727,1.7522049132661777,3.821404171234979,7.3603534798276575
2000-02-23,-1.2898130345907652,1.318314258392817,3.112707270561566,7.204322952512801
2000-02-24,-1.8327702504397654,0.8788251192752172,3.521836805950869,5.93647134288398
2000-02-25,-1.7021066272532723,0.1850939970322305,3.8976768998566276,4.627692059048613
2000-02-26,-1.2426504650938532,0.98844836943909,3.6486993143585744,4.9473872088144795
2000-02-27,-0.15459704692901144,1.9502075796048686,3.148599268805743,4.49468959306902
2000-02-28,-0.07732882108974425,1.2822112944218444,3.3801849765492378,3.4031908780024205
2000-02-29,-0.5924857550336955,0.20320395576791128,2.7368734793263108,3.850352878245416
2000-03-01,-1.194799462165566,1.098267282558166,3.3168959086321745,3.679202782398935
2000-03-02,-0.23730067974788194,0.9454478091698719,4.210149413651009,3.7600521582715185
2000-03-03,1.1956176865167172,-0.3634653021486045,4.493267531979994,3.321625162925589
2000-03-04,0.5646517010135234,-0.3707197668552092,4.191562777122135,3.4237859520179668
2000-03-05,-0.7588896151119596,-1.4347090703386625,4.540044043299622,4.980425187034951
2000-03-06,-0.439774889898662,-2.5480290315682286,3.955579381522328,4.459754099467859
2000-03-07,-1.1671595906747476,-2.8944797151985924,3.9619932321662024,2.6464020201002283
2000-03-08,-0.07408149904796235,-4.408418792821994,3.8470061817929597,2.6300880251999326
2000-03-09,-0.6315407409337759,-3.993717389149497,4.144454107641223,3.9243663403210984
2000-03-10,-1.216989688073317,-4.044807145332145,2.691783887949695,3.8683551916939263
2000-03-11,-1.7166332406826195,-5.582248952280878,2.956297310259251,1.4372206021465117
2000-03-12,-1.348330935404093,-6.2941317090214275,4.230111896131259,0.9205541407199368
2000-03-13,-1.041661947048023,-5.216222456959862,4.080951648257034,1.7342381029950962
2000-03-14,-0.3505169136007984,-5.993216723050709,4.249788925928681,-0.24608074645917988
2000-03-15,0.2888069857556579,-7.756514234235914,3.8187860515774683,0.6406772593761203
2000-03-16,-0.581957127444013,-7.413593016271212,4.004200119732623,0.718690394098028
2000-03-17,2.3806969793026687,-4.7814617100612296,3.704571650181493,-2.418811805036384
2000-03-18,2.971097426018522,-4.314126044115445,5.944271161746253,-1.6277756694389311
2000-03-19,0.9664917532862698,-4.989274895192137,6.01224621563975,-2.174531899252388
2000-03-20,-0.4597896314152621,-6.20140854705102,5.266251803130585,-2.235530179861775
2000-03-21,-1.3020734972878296,-9.009570290174752,3.983792739040548,-0.9280866572789757
2000-03-22,-1.4375062573624748,-9.163493301576244,2.453073603010509,-0.9533616607354631
2000-03-23,-1.475867416924902,-9.280501336371863,2.162279166268735,-3.4855124317651
2000-03-24,-2.0525179740092288,-9.883797329076163,1.9448080069400457,-3.7785667141278085
2000-03-25,-2.720319305741379,-8.189887818975109,1.2739615908287663,-3.306907459145284
2000-03-26,-1.7290433388104307,-6.714841845114785,1.6463381132814725,-4.508037835622284
2000-03-27,-1.1865538209543132,-7.2788618531008025,2.1669441149726607,-4.170270496897329
2000-03-28,-1.6828764775751197,-7.981470970588975,1.5032523366332866,-4.796447577287292
2000-03-29,-2.8799572215284854,-7.606808670175726,1.7245060410161845,-5.044177074964462
2000-03-30,-3.838928665679827,-6.700903923886329,0.7509736757753285,-5.189902903813048
2000-03-31,-4.866249031562047,-7.920812920578827,2.611532267257254,-5.736910625442898
2000-04-01,-6.257510587426067,-8.534673417070263,3.4347586980897438,-7.189104147955639
2000-04-02,-5.637974663844944,-9.122223294150585,3.9966236751873288,-7.953804917269253
2000-04-03,-5.609527276285414,-9.224861565471318,3.1713530801294616,-8.876048117332388
2000-04-04,-4.770966402904238,-10.499722829164927,2.440818142961411,-7.716504352323351
2000-04-05,-5.092631611831756,-10.751696489130747,3.1992047795758483,-7.536138084677553
2000-04-06,-6.231537262472519,-9.995216906868166,1.4567520757803099,-9.241472169040712
2000-04-07,-4.5466658308049,-8.156488844013422,3.0905709194081012,-9.678535632712196
2000-04-08,-5.5506651368382816,-7.826826102812671,2.583809677896518,-10.993306642337835
2000-04-09,-6.2227257765089155,-8.514448389720595,2.7451879042240863,-12.315256061185572
2000-04-10,-5.9812307265292874,-9.61299625173875,2.400306698806657,-13.47957314694647
2000-04-11,-6.722188027074178,-10.244548332265609,1.0858546631428614,-11.987988762069289
2000-04-12,-5.119486126467207,-9.10311088804618,0.8617928387784515,-13.222818593378499
2000-04-13,-4.987730246246069,-8.840469645567195,0.4650382948644949,-13.105813097680336
2000-04-14,-5.4999178907612745,-8.220015252744084,0.04052112675705094,-12.8416493511044
2000-04-15,-5.309059682925015,-7.758443153336402,0.07156087759260141,-14.916421878571153
2000-04-16,-4.665363054591587,-7.229840344305081,-0.4741459343665064,-16.359769306830767
2000-04-17,-5.257152782660739,-8.580861874426255,-1.8243283078116417,-15.578374199927062
2000-04-18,-6.2434350258515385,-8.666552886418739,-2.224699230582706,-15.777502263841804
2000-04-19,-5.267082622420281,-7.6842667454284594,-2.450731243433985,-15.50165060451177
2000-04-20,-6.909444556164527,-7.097674530459064,-3.4092053937047604,-15.044961410043555
2000-04-21,-7.648143920112259,-7.515126409244048,-4.547905362090655,-14.17161253835832
2000-04-22,-8.46206969992822,-8.424777304189186,-4.5552637443413975,-15.384221119480152
2000-04-23,-8.997370835548892,-8.740706718414108,-3.713937514261889,-15.703376352163737
2000-04-24,-8.24072559486585,-8.183829857688828,-3.5640383836152267,-15.193561251200936
2000-04-25,-8.184969048309224,-7.783940621739992,-2.436379386506715,-16.923858722498625
2000-04-26,-8.232984216700451,-6.831601928419095,-3.2032293474387785,-17.92848486575353
2000-04-27,-8.612832554660303,-5.6155337701129,-3.348080590657508,-17.418378943992163
2000-04-28,-10.58880722069744,-6.482365571038775,-3.6982822794199404,-17.76488001803577
2000-04-29,-9.129586254063597,-5.41017792851756,-4.62533570301393,-18.307760312648497
2000-04-30,-8.220714613964152,-5.884187743214268,-4.818152399972799,-17.57575885265755
2000-05-01,-6.339545220488818,-6.452708386826841,-4.35251715230142,-17.25911449785575
2000-05-02,-6.981340238698006,-7.35223700468787,-5.562603077719142,-18.058487100320907
2000-05-03,-7.218434984081168,-7.519914694460429,-4.951906724988132,-19.17162093244904
2000-05-04,-5.277841873568379,-5.918380333429171,-5.3119004112599875,-18.145621510339307
2000-05-05,-4.93968806703052,-6.0750034143107765,-5.6585813978566755,-18.95762513340118
2000-05-06,-5.092175645601518,-4.229528622330539,-7.050320353967552,-18.63274710848942
2000-05-07,-5.802593653455026,-4.726589479512585,-8.267519682356774,-18.82124866357974
2000-05-08,-7.070798506067952,-6.433643841081703,-8.08023884988329,-19.837631980631848
2000-05-09,-7.45960060246364,-7.591337401927053,-8.449030517655247,-20.082988602164203
2000-05-10,-7.026319366361028,-6.901905299433772,-8.437322377009554,-19.962944305980603
2000-05-11,-7.466827804920814,-7.363939267797917,-7.480229380181117,-20.80947308337128
2000-05-12,-7.9275942520625895,-6.855452054830023,-7.39093588415522,-20.64160067819748
2000-05-13,-7.0090555177866,-4.667244877727675,-7.108160405690858,-22.425866516270016
2000-05-14,-6.770840545659141,-4.82150941748831,-5.843379438196977,-22.233033112747673
2000-05-15,-6.405010377350017,-3.2987930741664115,-6.053077402345201,-22.514531580834912
2000-05-16,-6.153316584008806,-2.392618818544446,-1.7638429277736698,-23.405061478512316
2000-05-17,-5.7608531718091385,-1.5991890017612844,-0.11264717462477458,-24.470306763236906
2000-05-18,-7.183303063813219,-0.4891836258247304,-0.6443635622718779,-23.768438322636204
2000-05-19,-4.77123276992609,0.1778678558522796,-2.932123085056693,-25.00297720470712
2000-05-20,-4.884229932981463,0.3138373574793547,-3.475017310364627,-24.234193821115394
2000-05-21,-6.142390685572442,1.887515484805351,-3.3034852144042195,-23.451861986043358
2000-05-22,-5.732364612659645,1.2399602486653785,-3.579321369582882,-23.62092089155211
2000-05-23,-5.6049332733444395,1.2648330113249184,-4.777981306801744,-25.42476758932772
2000-05-24,-4.148278708918495,1.493097858196085,-6.546217942746621,-25.68629893133258
2000-05-25,-4.4982812461477355,0.82148644779342,-4.9375859645240725,-26.015638923678566
2000-05-26,-4.259877447784059,0.8370469619051559,-4.669053376373773,-26.78389541464435
2000-05-27,-5.342369484807708,2.1932170616559366,-5.402831523292756,-26.781322593422477
2000-05-28,-5.980960486899125,2.1137273174305213,-5.120130651568765,-29.359355063297674
2000-05-29,-8.33717364670023,2.798701066481437,-4.452984293996718,-29.33026245514599
2000-05-30,-9.066004298477631,3.51930708892651,-4.26439942053699,-29.162560019270167
2000-05-31,-10.044182779738767,3.5481011238612394,-4.062635732136692,-28.327927905590336
2000-06-01,-10.021579515509204,4.0497971492130995,-4.314462107437387,-30.27589044989655
2000-06-02,-9.175446129352249,3.720289631489328,-3.7673675398549333,-30.130816448686826
2000-06-03,-9.748509154075094,2.983431809042557,-4.427816824856408,-30.604487747649056
2000-06-04,-10.200688353043468,3.550051444366864,-3.878028678379191,-30.99972147710084
2000-06-05,-10.047401268158849,2.7909225539089673,-3.805612404694947,-33.87720700880235
2000-06-06,-9.649021641203962,2.6543087197051562,-4.2875785841713725,-33.11390447463964
2000-06-07,-8.61853594447316,2.436138726147985,-3.410723643436121,-34.201976784116326
2000-06-08,-7.533509172257088,2.9861421531124095,-2.9663917558307475,-35.30433955245261
2000-06-09,-7.185579413438128,2.2460880239745045,-2.8371797726664236,-35.56600783959494
2000-06-10,-6.249066471060454,2.3946401359230247,-3.584632509503035,-35.30418019470824
2000-06-11,-5.588381308045003,3.3469272034146007,-3.111621945147567,-35.73206154358566
2000-06-12,-4.783020584049677,1.5905165808440178,-2.0249032224628616,-34.962299816175445
2000-06-13,-5.622487971756031,1.6988809438175698,-0.7424454262746081,-35.6881721901242
2000-06-14,-6.142717323133526,1.6537514598249543,-0.05475825374781329,-34.55191066533624
2000-06-15,-7.67894863181831,1.1796647860347802,-0.9292617280094818,-34.27199250777689
2000-06-16,-8.032988396699233,2.5305719031121914,-0.8255915157661324,-35.34127093108461
2000-06-17,-6.834941995961942,1.9202394775766711,0.18710969539158584,-34.87383538517121
2000-06-18,-6.208500553432629,2.955221092130821,-0.6052858612045502,-33.729310883041876
2000-06-19,-4.773360674585849,4.186699547780075,-0.7714494134490624,-33.75045949341488
2000-06-20,-5.644227217456229,2.7602668145829528,-1.5351601056774151,-32.9197315345002
2000-06-21,-7.419268796043008,2.1761971963084026,-4.222758840872419,-32.838566032447545
2000-06-22,-7.415545543246063,2.46158280103809,-5.46269963583685,-33.844885200385974
2000-06-23,-8.843414996201801,1.7023635578357124,-6.2064892030708325,-34.040055785196756
2000-06-24,-8.6605098937007,2.9070196304684055,-7.950356148585878,-35.30391865803005
2000-06-25,-8.862070211099216,3.786154945810361,-9.0895971407684,-35.09612413656242
2000-06-26,-9.128939746139249,3.145106561029947,-10.405546928457886,-36.744138262520615
2000-06-27,-7.416742265396625,2.9278057958580526,-10.694302359999003,-36.29396397007688
2000-06-28,-5.4431631736484,1.8109123459032248,-10.368928683628464,-35.58012062404881
2000-06-29,-5.052877707069976,0.6564721838351593,-9.779027127064118,-35.531137367470144
2000-06-30,-5.110564334642385,2.1634198670160694,-8.834887205445165,-35.05780739989809
2000-07-01,-5.443090430509893,2.1501614879899322,-11.02004784926936,-35.71038482387448
2000-07-02,-5.134742675962514,3.2249518583504937,-12.291394484917006,-35.71254693247489
2000-07-03,-5.700879550615976,2.1152579830126372,-11.880022724461222,-36.50659302485046
2000-07-04,-4.622063618772191,4.660571442371834,-11.431520726741384,-36.82921117871287
2000-07-05,-7.062058408774548,4.444735227354254,-9.614480825972379,-36.78508948452591
2000-07-06,-6.731619769676704,4.205347739463081,-10.21913895678784,-37.05910899275349
2000-07-07,-7.338422817546811,4.190600409365772,-12.600687888522845,-34.48081418223156
2000-07-08,-6.191730490484583,2.2552550537360307,-11.224181271220884,-35.42888176039219
2000-07-09,-6.452686112838035,2.223536721893309,-9.895371594306994,-35.28101722879833
2000-07-10,-7.982002711109329,1.4499410196289082,-10.245781014293474,-35.32352335782249
2000-07-11,-9.283052678827953,3.4353804286811243,-12.607067882577592,-34.79337428608518
2000-07-12,-7.000932666528526,3.2136755714197505,-12.17443144452659,-34.9925949543466
2000-07-13,-7.742262405311119,2.457262221185336,-12.558214361885426,-34.50546004052296
2000-07-14,-6.0001867912899955,1.5318262399148184,-9.795855305763881,-35.395760103020415
2000-07-15,-6.876437230201874,0.4529176409414428,-9.402014371398131,-35.89445152761442
2000-07-16,-8.579982467620756,1.704205426686735,-9.845236503379628,-34.16305050567685
2000-07-17,-8.626931925059463,0.8742528468510045,-10.427875925827959,-34.282700957353946
2000-07-18,-8.89383066808309,2.3914605556171633,-12.549433761986242,-33.555934899464816
2000-07-19,-8.168298687793575,1.319643624318841,-12.027577193492577,-34.08554269983338
2000-07-20,-9.264429241961189,2.2430555685524283,-12.390673483981875,-32.81415196497063
2000-07-21,-10.886936101940432,3.3064495392145603,-13.908123287274005,-31.836143520717638
2000-07-22,-11.672893929413787,3.4405503528233905,-12.663850166498294,-30.344782968259626
2000-07-23,-11.465862474655024,3.7337874639768565,-14.236400081691942,-30.34997292504796
2000-07-24,-8.052309890588706,4.07517920729938,-13.330570058265563,-28.80511781609509
2000-07-25,-8.400870446328273,3.7828813036056532,-13.69628603346013,-27.753095864359338
2000-07-26,-8.970099925715411,2.861436971559038,-13.049469384127878,-29.509174004408166
2000-07-27,-8.462164238645803,0.864430049412513,-14.334654955713496,-30.356497465240807
2000-07-28,-5.8024206857112315,2.2229640122134,-14.340142557801057,-30.00540366820663
2000-07-29,-5.193715823468923,2.5522809333373595,-12.653540881678401,-30.938826659476714
2000-07-30,-4.80137707270095,1.0767681634513913,-12.611549452289811,-29.535165162527946
2000-07-31,-4.939134846401772,2.5626697847010913,-11.699243667961596,-28.870177018103252
2000-08-01,-5.834585821639906,4.0167833019431844,-10.85629001005455,-28.24530706683103
2000-08-02,-4.753782314982712,5.350639922777228,-10.281403365898768,-29.83210171248653
2000-08-03,-4.644652392467798,5.95374524033818,-8.812557471018572,-30.81175488039225
2000-08-04,-1.3789528191533083,3.9921076927414054,-8.549674102657175,-30.40234049118606
2000-08-05,-2.577020528963283,5.470954518626296,-9.778899333468571,-29.610960238491934
2000-08-06,-1.8524916060755048,6.013033647077841,-10.052861145967928,-29.755349247469184
2000-08-07,-2.4398705749872214,5.569308875717073,-9.589397658073166,-29.04175670209874
2000-08-08,-0.8598860467332323,4.546147972645414,-10.193213448439371,-29.255822356046078
2000-08-09,-1.2323411763069372,2.30661043280345,-8.368237062494586,-28.433516698770394
2000-08-10,-1.122188741252018,2.1341945178615402,-9.53679107053119,-29.022778241679063
2000-08-11,-1.6133988749658033,2.1314184662153495,-8.273770054053248,-27.090332587375123
2000-08-12,-2.0309994085756715,3.236310682091794,-8.24901444230209,-26.816833511000425
2000-08-13,-0.34542643992832,3.315485629082964,-8.109977088395986,-25.34455735982762
2000-08-14,-1.1195246632454035,3.9947283975419747,-7.935559170578748,-26.396092993923588
2000-08-15,-1.9446058961846977,5.9056580622659975,-8.025529237299864,-26.175857275384327
2000-08-16,-2.6606917517213984,4.727087361412895,-10.754236957212822,-25.248298015311992
2000-08-17,-1.9198025345077334,4.082686875223687,-10.954531549384448,-26.168717017374384
2000-08-18,0.03988578265891585,5.029975709661111,-9.67470298898683,-26.01145410873237
2000-08-19,-1.0889363585046883,5.7614827712134185,-9.267322510844826,-25.644786008440825
2000-08-20,-2.0772697296651836,5.274725628919995,-9.840316787422143,-24.06393573070152
2000-08-21,-1.3381960241854647,5.549553948685921,-11.018270157164647,-23.00906658431457
2000-08-22,-0.8992972630611298,6.862236628141343,-11.855861900261722,-22.616120103831012
2000-08-23,-0.6185667578357412,7.570610760713139,-12.119393654312601,-22.92456337131814
2000-08-24,-1.9301449605662975,8.077252334069861,-12.030433655889505,-22.47212566738014
2000-08-25,-1.695919135446729,8.237155629077755,-11.94932022375158,-21.923312355079187
2000-08-26,-0.049381926159818956,7.47716792530073,-11.972921632600576,-21.883222710977567
2000-08-27,-0.21422603726874495,8.922318698559659,-12.691924878356186,-22.43127750629823
2000-08-28,-2.1337243930319296,9.164012110117453,-12.667543809296692,-21.695684811255713
2000-08-29,-1.623139155128806,10.227200255321593,-11.687204540506213,-22.1536818818217
2000-08-30,-0.8611865915134397,10.158716823445651,-11.338844232286576,-20.49896309850131
2000-08-31,-2.7048346990556094,9.808775909147421,-11.405706623634464,-20.907510527069732
2000-09-01,-3.7486245754793925,9.903015105574019,-12.211402465588568,-20.68762157618041
2000-09-02,-4.641106889141529,9.570250629767603,-12.247952834205494,-21.26945098914711
2000-09-03,-5.029073044604566,9.490729393082566,-11.875175306111162,-21.143732188400403
2000-09-04,-5.49010040554838,9.272081330037178,-13.648476193186546,-19.53661315305537
2000-09-05,-5.065795276398186,8.701360224436156,-13.143493007413754,-21.486612865082893
2000-09-06,-6.730335182437434,8.577855000894582,-13.096640217317313,-21.524431105841447
2000-09-07,-6.810348291411535,8.462759878024274,-13.6241634245391,-20.054795014220687
2000-09-08,-6.243481542550946,9.064933338609602,-13.662217260915822,-21.638562140146185
2000-09-09,-6.614727856844449,8.23931906620043,-12.651288954258975,-20.593817515409217
2000-09-10,-8.526066516121817,9.878749401938355,-13.377340960524398,-19.276316766247845
2000-09-11,-8.308925667951401,10.368565560598494,-13.925399768407827,-18.904881555122973
2000-09-12,-8.546622141555723,12.111647434097463,-13.672156244821572,-20.066109769959635
2000-09-13,-8.411111880613184,11.343490052150706,-13.60833375862298,-19.486042892771938
2000-09-14,-9.25996973672708,11.320897581400574,-14.238251011373066,-18.231041530675835
2000-09-15,-10.945125538764454,11.452237128970625,-12.94930313695498,-17.19426963890166
2000-09-16,-11.506879091082013,11.04044301295649,-13.358555175103998,-16.080476056579787
2000-09-17,-11.014929143655397,11.117577520269782,-12.700586204317576,-15.82043470717679
2000-09-18,-11.420057158145392,12.27845277987466,-12.158715393547414,-15.708213558025525
2000-09-19,-11.914745232773425,12.63470636079858,-13.155997423009236,-15.81211795824711
2000-09-20,-12.005687892540898,12.259094510604061,-13.093855954528271,-15.185132546112547
2000-09-21,-12.112037784108576,10.702830520416864,-13.258135150776582,-14.423967529418267
2000-09-22,-9.807215725560962,10.919836113212623,-13.69396887613382,-14.162565308940852
2000-09-23,-9.414393019981643,9.303564463860347,-14.182881736189149,-14.603177401623883
2000-09-24,-9.561870833808586,9.471623634357863,-13.752340028300084,-14.116084236243829
2000-09-25,-8.077230921420789,8.277106569466396,-13.354361584643737,-13.008831871673841
2000-09-26,-8.882237115225177,8.14328557098036,-12.473891778237228,-13.159693754906097
2000-09-27,-9.200118362282966,7.1715317785885135,-12.36019335632643,-14.481065187800603
2000-09-28,-9.849377005530796,6.787450513272707,-13.228480286212397,-15.18814377121352
2000-09-29,-11.50575023777027,9.59954656383174,-13.065547409836409,-15.434425573407662
2000-09-30,-11.209482259772654,9.31898391324259,-12.677850098169662,-15.799992415162345
2000-10-01,-12.234271472528633,8.368863214171888,-12.78361048033229,-17.837619237707823
2000-10-02,-13.08423072653182,7.4670350800310805,-12.980568802276617,-16.252795740457856
2000-10-03,-13.092128933248873,7.05563785941792,-12.829200330910107,-18.300717094473804
2000-10-04,-12.837221964991137,6.996615031225878,-12.248670034700524,-18.280663350708622
2000-10-05,-13.004925148359051,7.175881020295324,-11.745297544958877,-18.59963152341624
2000-10-06,-13.351615428934773,8.205663754513264,-11.675620569372462,-19.148602522484637
2000-10-07,-13.17952960524899,9.608455930571777,-13.663569072311727,-20.404822171996933
2000-10-08,-12.332748127841345,9.041673750148252,-13.605601875787265,-19.616112539974726
2000-10-09,-12.875938120815162,9.031848924066075,-13.371403258555306,-20.94023677500887
2000-10-10,-15.65458766622965,7.660142305005652,-13.200129011479103,-19.21029179202337
2000-10-11,-15.982535851275703,7.078366034845615,-13.5600515371542,-18.451896658886778
2000-10-12,-16.200610131769903,8.39348019211009,-12.763329181309597,-17.929774374589464
2000-10-13,-17.070703645961096,8.222366241964634,-11.690150104023207,-19.258619898141813
2000-10-14,-16.438915373577544,7.975600346176021,-11.647542170677196,-19.0038052804051
2000-10-15,-16.16772751875669,8.26121645871271,-11.581423404129039,-20.368584531806864
2000-10-16,-15.808244906957222,8.768793859344445,-11.390116029786837,-20.42528443816824
2000-10-17,-15.107102420785484,9.174613796180966,-11.744032551755556,-21.27035552327397
2000-10-18,-15.293711823603756,9.227252247021962,-12.955578707204186,-20.523424060283144
2000-10-19,-15.434035003581126,10.191132938065973,-13.578895039072231,-20.566949374153047
2000-10-20,-15.420313710494705,10.18843219911186,-16.163825989072578,-21.179926328706383
2000-10-21,-14.125283752485519,10.042679831583337,-18.359566229792772,-21.48344332849333
2000-10-22,-14.49505327311745,10.03769018759957,-18.650556252884737,-21.10850555297941
2000-10-23,-14.794078942871305,8.670734079510257,-18.908472682734658,-21.71623710434776
2000-10-24,-14.800757441741546,8.19111320420423,-19.1907751029991,-21.487843870543543
2000-10-25,-15.70179401689974,8.368562306012576,-18.55815813232676,-20.963601782480463
2000-10-26,-16.675999485339588,7.955542476900782,-20.044456088084452,-21.55047010124979
2000-10-27,-16.226359921570694,7.259947934075086,-20.994839669792917,-22.19856332800225
2000-10-28,-17.264466104456186,8.609681256729,-21.906559366800607,-22.913388180740107
2000-10-29,-15.676023587079708,9.138423593213101,-20.83001880106464,-22.03086533284775
2000-10-30,-16.351400109215344,8.562879514993728,-21.338520979822846,-22.7151625639223
2000-10-31,-16.43526078858667,9.27936921927483,-21.524645343254917,-23.614773132316962
2000-11-01,-15.58464637827386,10.222104359881625,-20.584860060216393,-23.198453968268424
2000-11-02,-15.342038728728498,9.2485733668366,-19.670372865876256,-24.590683166753365
2000-11-03,-17.069302617383716,8.389772383480356,-18.45904897850118,-24.602383968765235
2000-11-04,-17.42482528503422,10.207208736187983,-20.271328078491006,-23.285608431317137
2000-11-05,-15.853094979113203,8.85621197043142,-19.06485219330007,-23.103107678054517
2000-11-06,-15.169213311207542,7.639251512266277,-21.072260594799523,-21.62913004316558
2000-11-07,-14.100939282480034,7.524923327185258,-21.34862995283236,-21.859540455673933
2000-11-08,-15.610504767070832,7.924216465886382,-22.11896086965685,-22.635932229729306
2000-11-09,-16.582214654726045,8.083036039082053,-23.048815998699684,-21.97696447804041
2000-11-10,-16.827231083783488,6.6574784310910315,-22.826321511285798,-21.32323531352984
2000-11-11,-18.310090834078476,6.323435509898745,-22.489166311176515,-20.727445042195196
2000-11-12,-19.481487093107205,6.066311370981241,-22.977696015875956,-19.853144507089457
2000-11-13,-19.465136222813378,4.364836618196227,-21.645492164848466,-18.486863095750962
2000-11-14,-20.743737825283713,6.1811066915331825,-22.238321421017673,-17.68170360494378
2000-11-15,-19.802414233086715,8.448874909284678,-20.88059801739185,-17.962040024129994
2000-11-16,-20.564338492249643,6.100575605574997,-19.19394374462206,-18.446910794640505
2000-11-17,-21.1871396879911,4.1753581231569035,-18.269492489625538,-20.13971846420699
2000-11-18,-20.519665621932248,3.6987570543947963,-19.295204911387803,-19.483027186232984
2000-11-19,-20.490318662560977,3.4390646508958427,-18.59329319064631,-18.245986251780593
2000-11-20,-21.196240333152385,3.0213766737142405,-19.360272148366995,-18.746422693434283
2000-11-21,-22.45579565466888,2.4267593077054865,-19.72092604051801,-17.59491348084018
2000-11-22,-22.050239290642136,1.363488593155025,-19.092500809005767,-19.220217560590434
2000-11-23,-21.744322562946323,0.593948155466736,-16.738992428116756,-18.343955892262542
2000-11-24,-20.81922848795555,0.8751835016390612,-17.18223851025085,-19.778064684841308
2000-11-25,-21.72688146569976,1.5319073213239032,-17.04587971816012,-20.119726362149105
2000-11-26,-22.566312163005254,1.5415516960169644,-17.502206988618894,-21.090832073035035
2000-11-27,-20.954827713184198,1.2984442407363344,-17.608492882451884,-22.32353643876143
2000-11-28,-20.32872702753813,3.401696266511179,-17.46822905791944,-21.211324091772973
2000-11-29,-20.541751355901948,3.5207825096108984,-17.70760876321505,-20.396790666693953
2000-11-30,-20.066662451363484,1.9757988251286511,-17.6695113679084,-19.885983911223818
2000-12-01,-20.758334644264615,1.5096609436343091,-18.598271836429884,-21.62319526052024
2000-12-02,-19.035853372873603,1.4135379503886318,-20.325590714362235,-22.496100289858997
2000-12-03,-19.373602335150228,1.9422653219549462,-20.643027271893136,-22.065197518896817
2000-12-04,-18.296082287858034,3.0637484049497825,-20.072606401553546,-20.671312213625345
2000-12-05,-19.209304653069278,4.312404147740559,-19.62545894819927,-18.96327199978578
2000-12-06,-19.186622593062957,1.9033863718102126,-19.37723182802787,-18.801532891046755
2000-12-07,-19.649297965007374,1.6423835871166483,-18.70573796627464,-19.583813025206794
2000-12-08,-20.478725466945967,0.7849471216945211,-17.924911680639585,-20.170178260277265
2000-12-09,-22.104776563111166,-0.7337905678029565,-17.155118713763063,-21.408242037729867
2000-12-10,-24.52213844472924,-2.2503013780032433,-14.764740402944618,-21.63203355365273
2000-12-11,-23.792672803984715,-2.4849900452821814,-15.618510010942758,-21.843128172653604
2000-12-12,-23.83058176146398,-1.9383548795216603,-14.238016676906884,-22.12658567800315
2000-12-13,-25.172320874418162,-1.0055830226604427,-16.40565460829297,-21.28136584776182
2000-12-14,-23.92434723845833,-1.7510731767006318,-16.695398169717542,-21.96836327887785
2000-12-15,-22.4065098128853,-1.7157139548068348,-15.732040691954683,-22.31147722040329
2000-12-16,-23.015605221769906,-4.320984749786171,-14.704943724701879,-22.208417065665806
2000-12-17,-22.282708141016855,-4.567696198732141,-16.861143198703203,-22.450085396531275
2000-12-18,-21.77299815149454,-5.177668250248343,-17.93214442285602,-20.75862513655656
2000-12-19,-21.67685988935409,-5.1939592552816025,-17.33575746334388,-20.337725269440053
2000-12-20,-20.501060622418272,-5.9206804145085385,-17.720242662762303,-20.95207052716816
2000-12-21,-20.509055746855655,-6.878018556921676,-17.041242158164565,-22.078876242062687
2000-12-22,-20.92871436358007,-6.627005369286434,-18.697025292196866,-22.06705185531653
2000-12-23,-20.57798618142865,-5.191518263172264,-20.907517426383567,-20.463535106536927
2000-12-24,-19.831311806274115,-6.044426709171052,-20.483299331692372,-20.25448949554909
2000-12-25,-20.434960176799255,-4.4216390289053615,-22.014878878371196,-20.05724126181905
2000-12-26,-18.522270839361056,-2.8061412259557708,-22.436736185442538,-18.49659109237339
2000-12-27,-19.299910408641733,-1.8942025784362406,-21.904005531437456,-19.13536224220484
2000-12-28,-19.320429159970345,-0.07901582778715266,-21.72715402390785,-17.9275852306856
2000-12-29,-17.572244058820683,2.2277853787185045,-21.65376016689725,-18.11809458726234
2000-12-30,-16.351471935737557,2.1199010438017334,-20.14206604440429,-17.51976373436895
2000-12-31,-15.125777034714641,-0.14938512354547395,-20.21896570190548,-17.538034158238254
2001-01-01,-15.643624610234742,0.036206457260755,-19.857240647747453,-17.93305537567629
2001-01-02,-17.3409267481911,-1.6376838259136626,-19.98338829330772,-19.567889268884585
2001-01-03,-16.677361504181686,-1.822371200001988,-19.869655128483934,-21.185529391285755
2001-01-04,-17.313618330088893,-1.7634286515405968,-19.72879195132002,-22.27597713773876
2001-01-05,-16.916912864480864,-1.4603197754816455,-20.104646763744235,-22.56209636287789
2001-01-06,-15.644597641178846,-3.3999570005287776,-20.325174924450433,-21.644352512786384
2001-01-07,-16.55204645879202,-3.5103309193604675,-21.688398130982698,-21.095991995436883
2001-01-08,-17.623898584653983,-3.6737449662743367,-21.89935447690129,-20.152125055854782
2001-01-09,-18.893828276952043,-4.055375248374679,-20.932511726552914,-19.639206374409138
2001-01-10,-19.47204439799429,-3.645047882763798,-21.213939690131348,-18.632106179126396
2001-01-11,-20.445461618974946,-3.455064996469264,-20.745076645539786,-18.84958456233433
2001-01-12,-19.18722677652798,-3.7940118070712607,-19.84996847656329,-17.536877184335378
2001-01-13,-20.205561212677797,-2.4326544768397165,-19.89609840496599,-17.236230360403226
2001-01-14,-20.54492597052551,-2.483693695261572,-21.295594602569995,-14.572173943748712
2001-01-15,-20.558954168666148,-1.2697053991534692,-21.465947610516526,-13.396417756744368
2001-01-16,-22.115141085327853,-1.044023201319948,-21.539097159705282,-14.354413415669681
2001-01-17,-21.1823421356957,-1.1137841981806107,-19.96907094349184,-14.903153155630822
2001-01-18,-20.790751520290698,-0.4265382111010029,-21.29378790842995,-13.891994557654987
2001-01-19,-20.923060749136088,-0.374132399601713,-23.111284780122258,-14.38934010224773
2001-01-20,-20.814264687114942,1.066188675040039,-23.942648082894216,-13.713708018626573
2001-01-21,-20.50659294279133,0.8804600565790712,-23.205643803040214,-13.737277140230415
2001-01-22,-21.361145620525285,1.308491572308371,-20.615186762195027,-12.834928824429738
2001-01-23,-22.225768699767304,2.023477916433499,-20.463758603719764,-12.701728829586429
2001-01-24,-21.8782616227322,-0.4858491508040461,-20.906215271789428,-11.287023003948626
2001-01-25,-24.202007072001944,0.30443601749910687,-21.442684455170095,-11.106773647320198
2001-01-26,-24.694850829619654,1.1760342030700028,-21.287207175117842,-11.337284751932769
2001-01-27,-24.29904810733049,1.0578874434885288,-22.461963233727168,-11.751759147459275
2001-01-28,-23.868081399615335,1.4897073115696324,-22.907382242690534,-11.375265034208757
2001-01-29,-23.74772083272024,0.7065878585218888,-23.19539398165625,-11.192752512057975
2001-01-30,-24.08654496754869,-0.114486676311772,-23.101967443268787,-11.764055561812839
2001-01-31,-22.983116067730563,0.744459881910407,-23.40956518749853,-11.051094086222951
2001-02-01,-23.905183748890042,1.5574307128905511,-24.34593842413934,-9.811441381167176
2001-02-02,-24.44542426043176,3.139584915365578,-24.34066174006184,-11.318506269361858
2001-02-03,-25.40095357577507,3.204941945227305,-25.53645227689635,-12.101067901151481
2001-02-04,-24.735214849986455,2.0803817214299216,-24.29710143404349,-11.942647947706226
2001-02-05,-23.679594579458417,0.9967305354197007,-24.86905655839953,-10.987289293540686
2001-02-06,-23.635911043970104,-0.07596062824272054,-25.473200502363614,-11.082246579775438
2001-02-07,-23.52186335597954,-0.903165308722938,-24.93981612352277,-12.313406244586773
2001-02-08,-24.222593042277442,-0.65671262510615,-25.357961955552895,-13.77314484191541
2001-02-09,-24.02702857028129,-1.149713999183905,-23.04559136879647,-13.446644359203484
2001-02-10,-23.82322283862214,-0.4867757748059952,-22.577227930567464,-13.214316137369583
2001-02-11,-23.54832736767999,-0.5083582953301572,-22.898319968036855,-15.28339550511583
2001-02-12,-22.71526620477919,-1.403594269962075,-23.611326785981742,-15.84533190358529
2001-02-13,-22.165249808947475,-1.656253598999128,-23.24785881918399,-15.150841382697338
2001-02-14,-21.994340259118943,-1.3119700916578592,-24.67581946217468,-15.151798671941709
2001-02-15,-22.02325172891976,-0.22045540263466834,-26.58225849069598,-15.541587734191896
2001-02-16,-20.44831917864545,-0.8676760329050511,-25.81061388511162,-16.37241425088929
2001-02-17,-20.917991492722084,-1.182664166629591,-26.02482962876591,-15.98282837558699
2001-02-18,-21.700589025270332,-1.0656574426580676,-25.43401050622044,-15.23437344458442
2001-02-19,-21.463283462065114,-0.6648286437828106,-25.856147137170446,-15.754207227513463
2001-02-20,-21.492745656712117,-0.5256254576883572,-26.56068336767276,-16.040910556460204
2001-02-21,-20.792223818320256,0.644500553614449,-25.991931273730042,-16.40966121332943
2001-02-22,-21.215840643817323,1.5796247252000395,-25.536613838027638,-15.05337119407774
2001-02-23,-20.28516491903208,1.6018241204490082,-24.713355373857443,-13.373737819907218
2001-02-24,-20.603655569544102,0.5204223965563501,-24.293346117727864,-14.050987907382613
2001-02-25,-18.633942011929626,0.15045068985683607,-26.308154386387738,-15.396481671015565
2001-02-26,-19.231210452613848,1.0399313326696538,-26.584179596110587,-15.902734392532823
2001-02-27,-18.23703610392374,2.259027359867555,-26.543905575926313,-14.355812235733186
2001-02-28,-18.18958944159705,3.005530103187045,-27.41704305801001,-13.422826396412017
2001-03-01,-17.094061195357625,2.3759944893381824,-26.010213340004157,-13.272727983558726
2001-03-02,-17.015946277159767,3.702331167662323,-26.964933303442432,-11.827832912683999
2001-03-03,-17.371486362689662,4.363371869658861,-26.276754530397728,-12.164177327765698
2001-03-04,-17.836109926806735,3.542365941278696,-27.23304084472879,-12.181477515467343
2001-03-05,-18.452824956609593,3.365713923039554,-25.882731634437402,-11.598006778730138
2001-03-06,-17.017887497822095,3.8813723400289426,-24.62414761621137,-10.824512513714705
2001-03-07,-16.751626920814633,2.488785157798484,-25.372382198164072,-11.554051177714529
2001-03-08,-16.57733564042357,2.9304888676223984,-25.676174183082775,-12.606963860575775
2001-03-09,-15.895971276307884,2.2097433041614747,-25.27624652849285,-12.236157318562425
2001-03-10,-17.939579219709724,1.8025673533058,-24.93828647855758,-12.948674405766525
2001-03-11,-17.454571777254873,1.5174897700973822,-25.93300961651305,-10.095554517108525
2001-03-12,-16.496780661662125,0.6703078648793365,-25.325474718386005,-10.547957306779562
2001-03-13,-16.364820733665173,1.289415745917029,-23.451622739545204,-9.523136330532571
2001-03-14,-14.971579358342863,0.058575763806143044,-23.498201953902086,-12.611422700909742
2001-03-15,-14.140870710006919,-0.9388925263212962,-23.30300816909126,-13.231300378382523
2001-03-16,-14.343640987261058,-1.3687338153019195,-22.150403589071765,-12.134902082539647
2001-03-17,-15.690422142217143,-2.1611889180527206,-21.967545405381745,-11.60374097812051
2001-03-18,-15.076235537591673,-2.8061501897362486,-20.070932892632626,-10.819183136910896
2001-03-19,-13.919019188727667,-3.7308360925962494,-20.410716029050953,-10.83580521009901
2001-03-20,-13.235095217989887,-4.041201290191456,-20.422035547270912,-10.195981521410783
2001-03-21,-12.658174049722449,-4.345336757233014,-17.99861896537255,-8.836660679847467
2001-03-22,-13.784883583340337,-4.6459579075328845,-18.434484944975967,-7.781526540198348
2001-03-23,-14.811819887338146,-5.805889434229707,-17.88367330450387,-7.242559830581181
2001-03-24,-15.662133269021806,-6.167976174452437,-19.43245082218512,-6.549239577679961
2001-03-25,-15.20465281555121,-4.332916338451131,-20.197353896784964,-6.070930340727885
2001-03-26,-13.601725097322271,-4.335221569456406,-20.43603377623976,-5.663241723790624
2001-03-27,-13.483669592262919,-4.681452549922108,-21.824982831936865,-4.696982007063002
2001-03-28,-13.670164178953423,-5.858280097417879,-20.984192521263378,-3.1225106980625137
2001-03-29,-15.011057411603652,-5.695575087041948,-22.702319137661956,-3.933397871936481
2001-03-30,-17.479583076621118,-6.177289819010364,-22.267691374678982,-2.6770557761452998
2001-03-31,-16.652860054206357,-7.900350933884622,-22.13663703200105,-2.936193087715079
2001-04-01,-19.51068787663969,-9.411182784987542,-21.554099587013415,-3.6115692907988652
2001-04-02,-18.182520667697272,-9.607184736109621,-22.640946705245682,-4.870825270171698
2001-04-03,-18.194153011021708,-10.489571759799915,-21.654638205797795,-4.500653513578869
2001-04-04,-18.43656849164415,-10.23966635128332,-21.680769395368735,-3.953530529057997
2001-04-05,-18.18226959099629,-10.315408772345053,-22.707779848371313,-4.219957252279558
2001-04-06,-19.042775524428418,-9.240148340013258,-22.8130746765727,-3.7476562315363173
2001-04-07,-18.318322967783622,-9.117795559345852,-23.600149561639313,-4.189004198961731
2001-04-08,-17.010424212865196,-9.511456777601813,-23.81496159507771,-5.586164513627848
2001-04-09,-17.772374106128005,-9.984315484262522,-24.85813974290908,-6.2839812030548385
2001-04-10,-19.393812190386857,-10.521820688988683,-24.874762787952935,-7.016765144264326
2001-04-11,-19.095506823540262,-12.900734608129584,-24.781236636702232,-6.399694348979027
2001-04-12,-19.032179311070404,-12.237497091094456,-23.301506342861828,-8.067543277179988
2001-04-13,-17.339261028161758,-13.7243672509674,-23.669754804542052,-8.365450316993432
2001-04-14,-16.337614942853524,-13.374742915465387,-23.4898845855412,-7.634188745757791
2001-04-15,-16.128267106640454,-14.084440095921963,-22.458561638205865,-8.594882060514538
2001-04-16,-17.19212530429574,-12.67587117820952,-23.621498058586585,-10.131418749854054
2001-04-17,-18.00650726974714,-12.63565124711225,-23.21586475856689,-9.542298900001372
2001-04-18,-19.17849598117062,-12.474246225548452,-22.164185254643975,-8.28829138161824
2001-04-19,-20.356197397148865,-13.306174538698084,-20.731716912970118,-8.999498807733783
2001-04-20,-21.377788131293162,-13.274958159159233,-20.520447867417644,-9.281627537295877
2001-04-21,-22.483026715142827,-12.303270269859443,-19.923788307534362,-8.845078412696546
2001-04-22,-21.87009350226904,-12.610806347262551,-18.8161701057378,-8.780387713892988
2001-04-23,-22.401759171176842,-13.166790798313766,-19.057374209780505,-8.734381102206909
2001-04-24,-21.776080925404493,-12.03800709858033,-19.91040869383913,-7.706311974563235
2001-04-25,-23.759815189592516,-13.571777899527273,-19.339859722500115,-8.291859596624482
2001-04-26,-24.79399896634534,-13.266338435623933,-17.83244553620863,-8.141755414365512
2001-04-27,-25.25746856563814,-11.736046665657359,-18.74091638400524,-7.07409798995368
2001-04-28,-24.973849948221712,-11.208788599849807,-18.3757702282329,-7.791899803583963
2001-04-29,-23.847959446843177,-9.615295235942773,-17.8490050910707,-8.0499774896808
2001-04-30,-23.695047737318067,-8.601943463633761,-17.224853978330607,-7.21855082296433
2001-05-01,-24.62315279531273,-7.2122241378939105,-16.240129903235434,-6.692905257973642
2001-05-02,-25.547323870833196,-6.768830517225962,-15.88225384173111,-5.162759947953739
2001-05-03,-24.923258933798913,-6.739921934869804,-15.953498949276764,-4.325352138650628
2001-05-04,-23.427097370627614,-5.600081810342418,-19.11493076589224,-4.4764662309619325
2001-05-05,-24.098268141306626,-4.930045606404128,-20.645906337473,-5.363084501717916
2001-05-06,-24.447650070408894,-4.914748558009034,-22.28769708416304,-5.05494945356894
2001-05-07,-23.003194562567835,-4.46110451148634,-22.676497331882395,-5.994232638676061
2001-05-08,-22.082291749238095,-5.003104171040578,-22.169241929668583,-5.943008939424318
2001-05-09,-22.549930772640533,-6.191851082073637,-23.782867740455675,-3.7373036775811377
2001-05-10,-22.699751404515315,-5.835712427783543,-22.712195357307127,-3.26344312093338
2001-05-11,-22.52471948871912,-6.675738505577398,-22.363379945732202,-2.719842622188384
2001-05-12,-22.706168039268302,-7.470864914471047,-22.537167731545917,-1.2960226737138079
2001-05-13,-24.758019552447035,-6.785871499640722,-25.066652804540873,-1.8196218267309296
2001-05-14,-23.971682173135054,-6.4282520398865675,-25.19057229526627,-1.3096992539037204
2001-05-15,-24.99294473672007,-6.1845807278008715,-24.42800992501031,-0.6421204566107752
2001-05-16,-27.015646877913415,-5.005178264122728,-25.49927038426475,-1.8935556912183018
2001-05-17,-26.408964979649408,-5.509569181430157,-26.18638943247653,-2.4845834253009147
2001-05-18,-25.87471133636284,-5.046532467593029,-28.30618518060922,-1.1531157754231063
2001-05-19,-26.20917695839391,-5.039138159658504,-27.500741720525827,-3.4223442246618334
2001-05-20,-25.578836394518675,-3.883029672011813,-27.64389479192148,-3.8026712008877235
2001-05-21,-25.38239744480671,-4.446267374261148,-26.900361010834978,-2.9720391724692723
2001-05-22,-25.540990226954037,-3.5418703874837814,-27.036205477227178,-2.8888755707626705
2001-05-23,-23.86323269717419,-2.927850488977377,-26.880305121962586,-4.070524221818428
2001-05-24,-24.31211406534551,-1.9458486571654676,-26.93189071816375,-3.2829820088087276
2001-05-25,-24.043878810625166,-2.82347097708866,-27.888253740911782,-3.2975832340912534
2001-05-26,-23.813651875811868,-4.068756349396051,-29.300984313855665,-4.805912830179002
2001-05-27,-23.95843651068267,-3.970571206009484,-29.191512897534523,-5.139230480890143
2001-05-28,-22.99205450699272,-3.5316526776468464,-29.548066899917007,-4.837538014958238
2001-05-29,-24.140463233985216,-1.8176206339302017,-29.93922721891427,-3.5499980298568357
2001-05-30,-24.67514386279905,-2.6944061403664823,-28.34436227782728,-3.395743850200075
2001-05-31,-23.539225257514254,-2.599510498991826,-29.688698977207633,-3.854386333568211
2001-06-01,-25.036194075306284,-3.2127393445464896,-31.17121911882472,-3.855480902170063
2001-06-02,-24.108595082300532,-3.0625780822519175,-31.456996236266054,-3.5355781092441174
2001-06-03,-23.896270628308383,-3.379005704090751,-31.121075809331117,-3.2336864509135994
2001-06-04,-24.106132938328155,-3.1033886662559143,-30.807204853950847,-3.018223949144527
2001-06-05,-24.4056231402372,-4.2636803942836226,-30.39968584539003,-2.667041461314627
2001-06-06,-23.574575127231395,-3.210881789615933,-29.982988639182413,-2.7638781908656957
2001-06-07,-22.830424830469166,-3.051822727637781,-32.15935150820283,-2.284164866680174
2001-06-08,-21.386144842065214,-4.722709618339718,-31.542442282074315,-1.2014456730188718
2001-06-09,-21.212531910394578,-4.862876387281982,-33.72342326462877,-0.8792420151851545
2001-06-10,-19.715640401177,-5.039997745713214,-33.443747554181066,0.8396783334672453
2001-06-11,-20.56490557293227,-3.4409792915503123,-35.09760081127005,-0.24704897478959587
2001-06-12,-21.783304377883574,-4.347748032111931,-35.411153753402665,-1.009996553158624
2001-06-13,-22.306794821733813,-6.386221498623091,-36.617091854298586,-1.4550141424298908
2001-06-14,-21.864917448056328,-5.671042630003024,-36.65470275437095,-0.2598612873048598
2001-06-15,-21.047768043974138,-5.802937679757368,-38.722290163018215,0.884903156028175
2001-06-16,-20.068089278619784,-5.573764482162032,-37.21500592776774,-1.0590900976261965
2001-06-17,-20.126479583279888,-5.768552402265019,-36.48582205625979,-2.4350303059671274
2001-06-18,-19.967568457322056,-5.402876297636708,-37.04000294138005,-2.7872752006754666
2001-06-19,-21.206969691353077,-5.575433557400002,-36.8458671309039,-1.8154080548314675
2001-06-20,-21.951009886362467,-5.647701057156236,-36.653499691190056,-3.9474625716845204
2001-06-21,-21.99268153718999,-6.875032617859168,-36.75517182575512,-3.843310284079667
2001-06-22,-22.398561933273715,-8.85346708227723,-34.936889623621774,-3.9644478386924207
2001-06-23,-22.22729444453777,-8.439664870041154,-33.65661374956554,-4.847704542955032
2001-06-24,-22.070683078936117,-7.009366652630757,-34.97057737392417,-4.8324145297006655
2001-06-25,-22.381089820322714,-6.9114746587902545,-33.65172047422137,-4.278865203897935
2001-06-26,-22.063134679039997,-9.275070570173497,-33.467724527253374,-3.026803289019429
2001-06-27,-20.55205675442261,-9.823374563902881,-34.28355410382564,-2.8591816757761617
2001-06-28,-20.569937054888182,-9.187216394051037,-35.13111745726497,-2.58489515728845
2001-06-29,-20.03433737902552,-7.369729572455951,-36.091385034380096,-2.916714437140413
2001-06-30,-18.630583749600564,-6.866235416337256,-34.5361967925344,-2.7014232826898046
2001-07-01,-17.78895035098308,-5.479366114212308,-34.43735534296355,-3.222356929401828
2001-07-02,-18.770255655428898,-5.650323733820452,-33.986072207570444,-4.960452805179053
2001-07-03,-18.769757181960642,-5.142142489730653,-33.32892233687747,-3.8499873259177724
2001-07-04,-18.591055684611728,-5.606440543487808,-31.701600468649698,-4.306650646011328
2001-07-05,-18.79023079458977,-6.67355489049086,-33.21604255972469,-4.874768496008314
2001-07-06,-19.606095588887896,-6.425469978330549,-32.81309434242684,-4.1802401126934825
2001-07-07,-21.982424380557646,-7.343244148674078,-33.81614831575453,-4.120630275871739
2001-07-08,-19.243718528842635,-6.556460417976045,-33.90373783817003,-2.226429796716955
2001-07-09,-18.069408772311206,-3.9072445800667603,-33.249624841521914,-1.5499385731357358
2001-07-10,-16.589369917938843,-3.856539746825199,-33.99476626281539,-0.9488420704410233
2001-07-11,-15.570744600658655,-3.3459355398767325,-34.372921857975555,-0.0009622021924197144
2001-07-12,-16.731301656850505,-4.5708522941150065,-36.10275385399439,0.05761982397911188
2001-07-13,-16.713504379719957,-3.9034752802161994,-37.254414924148364,-0.5080314109853977
2001-07-14,-16.17945675286767,-3.1388139585850325,-37.522524350016226,-0.5715315989515929
2001-07-15,-16.130114642886923,-1.3887348177423648,-38.16022729913239,0.5425015070031006
2001-07-16,-17.67250034400281,-3.2487155349381904,-37.128948785636744,-1.4437723021489282
2001-07-17,-17.831016772602766,-1.8212327743260281,-38.02136832371995,-1.341744617971548
2001-07-18,-16.17511494756531,-3.271014978450638,-38.08329819499079,-2.1438495562042266
2001-07-19,-15.713077386832781,-3.6617178212423345,-40.139607156827914,-0.8056899713721883
2001-07-20,-15.340141349565608,-2.227046011947462,-39.09773657130188,-1.2135919479641237
2001-07-21,-13.753697173973316,-2.41034031341661,-38.66382911572768,-0.5843691971152509
2001-07-22,-13.534657646646684,-3.053591749005835,-39.099993449682025,-0.8897288251556472
2001-07-23,-12.42492906611549,-3.476107289611133,-36.81206230616004,0.9127676119257835
2001-07-24,-11.131535385770263,-4.133564405346914,-37.223255246898916,-1.1038367090220973
2001-07-25,-11.953261658355837,-5.325647809409974,-36.56654860105373,-0.5826861965083248
2001-07-26,-11.441830708457271,-4.5094663696851836,-35.64901121825216,-1.3184504412251905
2001-07-27,-12.293161755851182,-4.7057156673767615,-37.62232400776885,-3.6492667406693164
2001-07-28,-13.57885250651402,-5.025252698554311,-37.46455837482393,-3.395851181755926
2001-07-29,-13.879992148370139,-4.762014765665427,-37.437562086087404,-2.990854911049402
2001-07-30,-13.710776324314928,-5.677011311971594,-38.39586727325557,-1.7695509282471857
2001-07-31,-14.311178430800348,-5.738514991725574,-40.33537602286901,-2.635929983147452
2001-08-01,-14.043897856631544,-4.151116419272223,-39.701154717642595,-1.1828462025638984
2001-08-02,-13.02914300816219,-3.712523339230154,-38.374671967825684,-2.6626096159729653
2001-08-03,-12.318317724275857,-5.112348580793964,-37.5023378852793,-3.13680293473503
2001-08-04,-13.29334243920845,-4.647409657437011,-38.11578817741535,-2.7642751002184838
2001-08-05,-12.219106732595414,-2.8440918154067822,-38.404937054394516,-2.4774299686961716
2001-08-06,-11.749372670247187,-1.2152289680720416,-40.57125331495334,-2.6421009502339636
2001-08-07,-13.981218369032096,-0.6571192351698982,-37.911547221306684,-2.3156411469900124
2001-08-08,-12.329886695453252,-1.721921753615677,-39.70937877586363,-2.563617122725812
2001-08-09,-11.667525025907771,-2.522314064682731,-39.4635311318442,-1.553043490760777
2001-08-10,-10.208597580359912,-3.337712787840394,-39.54589789015671,-0.17601774734540698
2001-08-11,-9.712419256801079,-3.507833548444781,-39.241831525711426,0.8337894433001936
2001-08-12,-10.72870780222195,-1.4617775564669375,-39.948943631835114,0.4507402937416577
2001-08-13,-10.824384396012219,-2.287303174084512,-40.39912289107001,0.3044964499700569
2001-08-14,-8.809850776584462,-2.05096431140644,-40.20391694627231,0.9356036087978936
2001-08-15,-8.718076898889928,-2.535904705476704,-39.41924183783298,0.8750880737377436
2001-08-16,-10.145599099530214,-2.0752169727176444,-39.443719125636605,0.12376253573752871
2001-08-17,-10.444481326523597,-2.8182376193054566,-41.12545885872586,1.7063832864078066
2001-08-18,-11.811800384596612,-2.6337617621530076,-41.100393471779185,0.1517347220238432
2001-08-19,-10.238897444670803,-3.786703859256576,-41.42838025969261,-0.7411797292598581
2001-08-20,-9.261200728416116,-2.313487901239519,-41.73011875032567,-1.8578190456756758
2001-08-21,-10.201396989576875,-1.1187728106240127,-42.47034925137069,-2.0067455545315735
2001-08-22,-11.215023544575775,-0.618199632806034,-44.13197927042491,-1.3934918586367986
2001-08-23,-11.148037210819167,0.18235898774047687,-43.809274776559555,-1.205774498291047
2001-08-24,-9.835189552306678,-0.18066146728491578,-44.984969075434435,-1.293337350406021
2001-08-25,-9.218187162780447,-1.9935250600344947,-43.734293122451405,-0.8440366022505523
2001-08-26,-10.469335776070324,-1.5107148958667678,-45.426057921997234,-2.0736941483257825
2001-08-27,-9.632752778439182,-1.8018708410130935,-45.618525755468895,-0.9331908286936403
2001-08-28,-10.796977342191033,-1.646292572718711,-46.4772833219837,-0.11667761808877297
2001-08-29,-11.912022759503184,-1.6062451264104158,-45.70921297460238,0.22277625976066728
2001-08-30,-10.761698788790525,-1.8682398807294696,-46.57577932166476,1.142386338245104
2001-08-31,-12.086046281802819,0.5274807183000461,-48.343444118256336,0.34588927589925644
2001-09-01,-12.401870309797012,0.364607693146004,-47.98557417506042,0.5322207227462481
2001-09-02,-11.489136082817753,0.04859088584491372,-48.549884710203145,0.13533067814085437
2001-09-03,-10.35783743819958,-0.9064463285978857,-47.954281550993834,0.44675232498871
2001-09-04,-10.755891583393428,-1.3439240548753695,-49.94084439164492,1.1443213525524445
2001-09-05,-10.794655612543032,-1.0112054443293752,-49.507453246563074,3.209104444892705
2001-09-06,-11.616107917620399,0.7493108476850907,-51.088407561430884,2.284318022713207
2001-09-07,-12.29200713359196,0.2588997311256001,-51.15835206838313,1.976922611226305
2001-09-08,-12.711064764663455,0.03589018724559395,-50.37359479933852,0.7133120625335854
2001-09-09,-12.521074037324965,-0.6972586194037245,-50.18898853826037,-0.5863243083433949
2001-09-10,-12.270739896688566,-1.1992678995280484,-49.15836406277735,-0.6039384198348272
2001-09-11,-13.248671255042673,-0.8266000262225488,-48.725681162613576,-0.2878575841393735
2001-09-12,-13.688324278262915,0.24233917674934946,-49.78046481928272,0.667540160797091
2001-09-13,-15.051161198225772,0.6964907173567882,-48.42938171956391,2.0593827526055715
2001-09-14,-13.843253471005807,-0.8232268233572531,-48.375268442708766,1.4934779672037193
2001-09-15,-13.707164782118856,-0.6050710233480807,-48.957473056997586,0.9352441033240279
2001-09-16,-12.690058094239712,-0.7729562083460808,-47.73114013436011,2.7838626550557373
2001-09-17,-12.858115768148776,0.7411592107803833,-49.70316593545793,2.0770493804558305
2001-09-18,-12.709173465773985,2.1240218658976575,-48.88712424228548,3.083893975666534
2001-09-19,-13.161567252636427,1.425981999084991,-48.924053288614076,2.9632143055654048
2001-09-20,-14.341101169589143,1.2005506848895706,-47.47293136676777,3.0924369067562836
2001-09-21,-13.612138269517583,1.8748213681702837,-45.03137446982153,1.7844184479711598
2001-09-22,-13.030705435381549,3.1649980066765693,-45.152198405306024,1.0583774742587884
2001-09-23,-14.251939479328248,1.4334595886984711,-45.18213562533512,0.8107432556531898
2001-09-24,-13.716925867965589,1.2595763872285495,-43.43839197660459,1.3866742598475805
2001-09-25,-14.47945515937382,2.667173160684123,-44.50586316858093,1.5893858460488874
2001-09-26,-13.016158040423859,3.6538658112742297,-44.58192799388839,1.483194270085223
2001-09-27,-12.706191736903023,4.585668661005355,-43.15040488182252,-0.13470610937416483
2001-09-28,-12.076809997918838,6.462633918659275,-44.81796658884479,-1.002827551823311
2001-09-29,-11.958677896038706,6.498039920890159,-45.85927214587035,-0.6849289562825543
2001-09-30,-12.42880851737298,6.181520742473389,-46.57107188522855,-2.0073840394505322
2001-10-01,-11.040167773002807,4.622895876211803,-46.75500261156783,-3.674773344260064
2001-10-02,-10.100018259354115,4.012284759176678,-46.65159447126473,-3.133485353588135
2001-10-03,-11.52896377612099,4.97318028349548,-46.874559593010005,-3.67439422582972
2001-10-04,-10.820223800616798,5.923834015624566,-48.319847033017716,-4.471604258874113
2001-10-05,-9.825433246867274,5.477464002212262,-48.106665707160765,-4.3436007641132806
2001-10-06,-9.597866028496775,4.604338800082308,-48.665275560739396,-2.527186197485645
2001-10-07,-10.148825579648749,5.118588106131268,-48.57336108025341,-4.4946141143146185
2001-10-08,-10.186487039994631,5.717636203362147,-48.71332188577261,-5.247417171637769
2001-10-09,-12.237985095947415,5.790685763738643,-49.18335426851726,-5.896402069727765
2001-10-10,-12.3165414836581,6.402820795627722,-49.75072538956025,-5.229073042921034
2001-10-11,-11.647975138788118,7.541517033622275,-49.10656902866671,-5.199275579366232
2001-10-12,-10.166461272704032,6.243173612457859,-49.05777450462965,-4.824831672913726
2001-10-13,-10.477880379940842,4.940259050846281,-48.53120571691786,-5.215473831890623
2001-10-14,-8.370519277293306,4.5141952196637805,-46.72117538906799,-4.539727589306673
2001-10-15,-9.184845500739513,3.652306253512357,-47.74698194432327,-3.8654724388569446
2001-10-16,-9.480913910232188,4.176995895893423,-46.92330702111036,-4.146172371082722
2001-10-17,-9.66285537894617,3.735716083406457,-46.220209123678934,-4.087524544447785
2001-10-18,-10.481700673108897,4.583841722327506,-46.719021820297826,-2.9954799219317643
2001-10-19,-8.623942712134019,5.984650750819638,-45.77156455429291,-4.123620980128496
2001-10-20,-7.767237286311216,5.588762067347448,-46.59141448379259,-3.724185351697313
2001-10-21,-9.334960644270632,5.703212642681405,-45.05768502554863,-4.491600921129463
2001-10-22,-11.01074199566756,4.621117167751671,-44.40157799031318,-5.793673261991865
2001-10-23,-9.799101330813164,5.6836760235920565,-44.90183740862043,-6.271878785515702
2001-10-24,-9.73564257491753,5.809333514571964,-44.725851222643875,-6.499766992785419
2001-10-25,-11.329598172102383,5.789110472747317,-45.4166494383383,-4.855197745045096
2001-10-26,-10.021555103888149,5.905107273551902,-46.00532479686377,-2.617786365808212
2001-10-27,-10.507819484902676,6.488586242756142,-45.806592074699054,-3.391369072586103
2001-10-28,-12.36241373237584,8.204118736372013,-47.01304333349911,-2.6758424077509178
2001-10-29,-12.161240068700868,7.486344607574457,-49.18832187062089,-1.9391388659441342
2001-10-30,-11.56793812861118,7.364920114054363,-48.1802902363805,-0.36340624478397543
2001-10-31,-10.21683179881511,7.347493641584512,-48.974286027863904,-0.3496480159179408
2001-11-01,-11.189205199821828,5.874391644047661,-48.48233820006476,-1.527245483707477
2001-11-02,-8.523753694557831,7.543479625462684,-48.018990636141574,-1.6237137143549667
2001-11-03,-10.014585090521155,7.414887032354259,-47.621874547838054,-1.057115021328919
2001-11-04,-9.507922554849982,9.293258474911063,-47.32351267078206,-1.6556456221915428
2001-11-05,-6.227486103967884,9.293365798734367,-45.83002992829059,-0.6048561205183169
2001-11-06,-4.391424494756128,8.208305846133316,-46.59073459823746,-0.7622471411262275
2001-11-07,-4.232470621745682,7.8307992037492635,-47.17341136361342,0.5990781557543301
2001-11-08,-5.199401260791155,7.417535765630453,-47.21613512931352,-0.03388016720205567
2001-11-09,-4.991366975191362,8.875895243656421,-46.38263800409158,-0.4659183096555419
2001-11-10,-4.0337263185291246,8.924699404038174,-46.55153235789726,-0.6324098135263535
2001-11-11,-3.8197332392594783,9.395812702340223,-46.85382081247553,-2.1430940865540933
2001-11-12,-4.2448914546591325,9.577400728227477,-47.95456572477309,-2.5546026220272275
2001-11-13,-4.870536421199828,12.656373289022774,-48.14415157039129,-3.5812766750629765
2001-11-14,-4.447324363657996,13.267109002037254,-48.972001133538875,-3.657562501515794
2001-11-15,-4.500864060507663,12.786577482040057,-48.30873357181982,-4.069453750227219
2001-11-16,-5.848783030281469,13.51700893206745,-48.937416522048004,-3.841910783729185
2001-11-17,-6.226338233594431,12.114957750564674,-50.50923824005564,-4.242190070687727
2001-11-18,-6.51768804999277,12.478460847096143,-49.276017773059166,-4.75701640438068
2001-11-19,-6.879891815048745,14.41350750644716,-48.14278707557009,-4.621711655270622
2001-11-20,-7.198471235229998,12.762013716607134,-48.97137909735703,-3.2538663065446616
2001-11-21,-8.070740086941136,12.079901620883593,-48.61424721029946,-3.2835115091469396
2001-11-22,-8.785534946612126,11.393853963466817,-48.90990781895417,-1.3587853273883879
2001-11-23,-8.718526086556151,12.198655242888208,-47.93687068069601,-0.604987667790236
2001-11-24,-9.081893646398562,11.956802697658489,-48.705468709450884,0.2989385404521211
2001-11-25,-8.49591887975976,11.476445866967346,-47.987587020472496,1.2520091799619386
2001-11-26,-8.744391344260862,12.262064806847313,-46.565562211749274,0.24665845578514456
2001-11-27,-6.626999991912085,12.41768795149264,-46.392898212173776,0.622421856808754
2001-11-28,-6.859580909918858,12.051448028107469,-47.74558615475014,1.6208864400347962
2001-11-29,-8.466441240322274,10.457639740438266,-49.275590895817686,2.524973617727296
2001-11-30,-8.255148434225642,11.71225529580596,-48.46557157983783,2.3770196018755834
2001-12-01,-8.96477460972575,10.83716075538246,-48.28623878628979,2.546312342950063
2001-12-02,-8.510755895415206,13.03501076968055,-49.823611572591886,4.214683583751361
2001-12-03,-8.7164138992601,12.52052383842979,-48.50224234729544,3.811320502516767
2001-12-04,-9.037206994094904,13.001343811464123,-48.590998098163524,3.583629493685695
2001-12-05,-8.150091211215303,13.995909890432479,-48.4150907433202,2.1958261499314915
2001-12-06,-9.114155997736184,13.445754908391432,-48.55178247510574,3.201514109178136
2001-12-07,-10.771960356557068,11.654235566425161,-50.47533504636243,2.216165450827651
2001-12-08,-10.964965032350497,12.539052205046653,-48.65309031121499,3.4651553111306153
2001-12-09,-9.97712935210605,12.97617737048007,-48.70281093304195,3.582387974551676
2001-12-10,-10.779095251467988,14.159739822440484,-47.85680054969265,4.15155913381005
2001-12-11,-10.245368140330777,13.66867701787245,-47.9821124042154,5.212514393222086
2001-12-12,-11.782756648764842,13.25423218900083,-46.94735275574493,4.827369454218181
2001-12-13,-11.843930207620813,13.867418605689327,-45.93430510233905,3.8193393294062306
2001-12-14,-9.664173739791245,16.10321260680751,-44.19882463387515,3.9614031786344714
2001-12-15,-9.328190577414686,14.500557656344638,-43.561446526912654,2.8738753908639856
2001-12-16,-9.160119418556777,13.901141358100698,-44.20909450746483,4.014172252068082
2001-12-17,-6.318656486492751,13.613313759579144,-44.10107152365129,4.512945492728643
2001-12-18,-7.803480032188351,14.034885447914796,-45.64257336260057,4.817213570471333
2001-12-19,-6.9313632276761,14.317638712121358,-46.542173658134175,5.471440958538136
2001-12-20,-4.571715547046031,14.960084654972162,-45.85324125376829,5.319438179969676
2001-12-21,-4.3190664506275045,14.246969226190664,-47.3408038534215,4.877608769655819
2001-12-22,-4.21652817493553,14.073877581057507,-46.70012597443891,5.2426843814635
2001-12-23,-3.4457216777285504,15.668533258341467,-47.96023838161522,7.551547620158214
2001-12-24,-4.8021296130038,16.349085296329722,-46.105306133616196,7.571706148059454
2001-12-25,-5.807025143693838,16.710545626592598,-45.81093444126335,5.324162775390691
2001-12-26,-5.688047295560712,17.062471561601285,-44.656595874926126,5.276566841568512
2001-12-27,-5.47713476835178,16.22113367614694,-44.375338865637524,5.520736441828506
2001-12-28,-4.3029494529091,14.653069709166044,-43.001621506890025,5.074949337411854
2001-12-29,-4.573327135593691,15.03651500123014,-44.49999353471571,5.825627666256391
2001-12-30,-4.389171690437575,14.188698027062273,-43.87448413055368,4.740040792949798
2001-12-31,-4.603498002162798,14.607756468656504,-42.57189472328131,3.3983403516238813
2002-01-01,-6.506110256591158,14.221018207415572,-42.719595934099274,2.960654165558586
2002-01-02,-6.76022129748828,15.84226695588602,-41.98147135541711,1.554197264370522
2002-01-03,-7.257091928708615,14.11958517518723,-42.25291996198178,1.8251622671439791
2002-01-04,-8.714105854734964,14.99453747740526,-42.94345754539124,3.4491243106949474
2002-01-05,-9.370718836448795,17.056637493617767,-43.85522082348745,4.186440073080474
2002-01-06,-8.899469169207569,16.109970995635766,-44.27826952124724,3.113724030720727
2002-01-07,-8.368530252874002,17.068904989957385,-44.294698149046425,2.681178338656048
2002-01-08,-7.63640774512749,16.87973787991338,-42.32790366179106,2.7963797444287457
2002-01-09,-8.02854761683913,16.092698521660267,-41.42611276024771,1.279978420849106
2002-01-10,-8.21028050527132,17.19707166074824,-41.09073475726858,0.0782264321961017
2002-01-11,-8.184800859024941,18.013128234978524,-40.90454237289923,-0.29212166249353083
2002-01-12,-8.307274517707954,19.55817742859316,-40.41560689995768,0.5255113953193091
2002-01-13,-6.02519323860721,17.1448298025401,-40.421048248731395,0.2256462942166112
2002-01-14,-7.892898924786223,17.940934442452964,-41.578037796851866,-0.22774555165284682
2002-01-15,-8.003738770000842,21.282153994736007,-41.36200696442657,-0.575171253365925
2002-01-16,-9.397115636683475,20.66032887141547,-40.820327180562096,0.3788180615919384
2002-01-17,-9.824487646967562,20.54276728440316,-42.25167165842422,0.8496069262223738
2002-01-18,-9.362859072180125,20.422309092857414,-42.33916246955333,2.6768098486806613
2002-01-19,-9.370835320777916,20.959587226655675,-43.33588559120331,2.002107507848736
2002-01-20,-8.510794201168908,20.68175630533702,-43.14619809888413,2.357788411083309
2002-01-21,-9.473717736936814,19.386951675488845,-42.18323771108554,2.071953202500224
2002-01-22,-8.947538118446383,18.90716514398417,-42.41356401130384,2.200541398735588
2002-01-23,-8.222096993762008,18.96579627586139,-42.073194378838714,0.8952357000786615
2002-01-24,-5.38146211294446,17.872260009903542,-41.51224570155546,0.8627601120966536
2002-01-25,-6.296498251297822,17.573371917602273,-41.29130399931421,0.9689892318291355
2002-01-26,-5.817511683944206,17.52262126864036,-41.17889074214271,1.7990786665213379
2002-01-27,-6.411242640893355,15.724875004074912,-40.87978926288638,0.016411546854377512
2002-01-28,-5.396020765734445,15.995231986774693,-39.21748427619957,-1.13838155075647
2002-01-29,-4.723591862982278,16.404233522671795,-39.89767810861579,-1.0511774544174117
2002-01-30,-3.9577304162625335,15.532066623359245,-41.13188713302562,-0.7021792816656258
2002-01-31,-4.379909913516557,15.825339481363333,-39.13079347760775,-1.355671510412808
2002-02-01,-3.7626528797189636,13.998088401564921,-40.87870358151606,-1.147595154372252
2002-02-02,-4.24694677294027,14.100296789162263,-40.698178856839625,-0.31181987704477454
2002-02-03,-5.429362517340218,13.401742106655007,-40.26923559770071,0.5835297788282389
2002-02-04,-5.377583983349645,15.51070076835777,-40.37715498644197,-0.5694932560397742
2002-02-05,-6.253421350269901,16.62267974792753,-41.436084380866916,0.6572382209107431
2002-02-06,-6.523613527020963,15.326271228532482,-41.05530072499034,1.1914166294314463
2002-02-07,-6.885849883245489,13.331853015086088,-40.827478949583835,0.5261845299079528
2002-02-08,-7.772686590460453,12.094779430758706,-39.51440019999428,1.5795055825971571
2002-02-09,-8.481670472800497,12.966151448385714,-41.13981446996431,1.2524076650626987
2002-02-10,-9.410690491398565,12.4792838568576,-40.04072805341115,1.4743292729155768
2002-02-11,-8.816027451209761,11.280620684384232,-38.77655750196007,0.5433170881672342
2002-02-12,-9.634129047696021,13.10370219790604,-37.20019354542362,0.909032801793958
2002-02-13,-10.238987501037816,13.36868509053373,-36.194704269867806,2.4138083562214483
2002-02-14,-10.709565355019942,14.67627250485156,-37.71991040820379,1.2219421353659197
2002-02-15,-10.055578122674085,14.417292448016633,-38.957245352342404,0.7393771747497794
2002-02-16,-9.82045156453203,14.244402542814262,-38.06656905489382,2.3691685612629536
2002-02-17,-8.456487264997325,14.105678378608834,-36.96683636576093,3.297054007246527
2002-02-18,-7.012173444461922,14.972823012120202,-36.10814078249034,3.9575921744449607
2002-02-19,-6.530282128640953,16.13201710694827,-38.840626277468374,2.6554586218560012
2002-02-20,-4.333400184215405,15.223736640783411,-37.55656594095754,1.407034517246385
2002-02-21,-3.8810685989305953,13.585080264842185,-37.028816633659446,0.7530927715141293
2002-02-22,-4.734741952201772,14.28075154815642,-37.28586661219747,-0.8963366629623821
2002-02-23,-4.794399412023624,16.89858645166376,-39.66061554320922,0.12153481162613633
2002-02-24,-4.712162147759258,16.190094110046786,-39.518192889887565,-0.1284006187377632
2002-02-25,-5.8740076816369315,15.054398955383462,-40.10676572402409,-1.4372289633148552
2002-02-26,-6.03384392847969,17.06663175163459,-40.879832056719515,-0.3634322337143381
2002-02-27,-5.6867600840061545,17.634660140392796,-41.07144304695902,0.37732995709547157
2002-02-28,-5.244351226311502,20.388190524080077,-39.93214514712009,-0.9222275293226534
2002-03-01,-4.549454439661119,20.403975173609975,-40.68516235439938,-0.5127477433396519
2002-03-02,-4.003731787693471,19.454508876579077,-39.91573130027467,-0.17224258585711477
2002-03-03,-3.123879443561477,18.3891808536935,-40.02430755700245,-0.217314583373288
2002-03-04,-2.836403270998898,19.28291507772158,-40.97452769819743,1.6527887830154198
2002-03-05,-3.0334208727646335,19.960245164263696,-42.35216397675737,1.9528882140225718
2002-03-06,-1.810863576373848,17.897471951801673,-42.14015661222998,2.5088335627324834
2002-03-07,-1.5466450038604196,17.349880297211424,-43.511531612324596,3.0284590292149547
2002-03-08,-2.3227687116856646,17.08624755589082,-44.14212273820314,2.8564688804907794
2002-03-09,-1.5482014301117557,15.85749360845337,-42.10531765431753,3.9367894501371166
2002-03-10,-2.7969461818512813,16.565261574787275,-42.53316349664795,3.263107244178205
2002-03-11,-1.5293974199922515,15.490293149419493,-42.71221135337393,3.949880669027238
2002-03-12,-0.9766070395884067,15.740743509755807,-43.130297745909004,4.157348521882414
2002-03-13,-0.33511495524778045,16.765101993815133,-42.07199965791296,2.3679542165938976
2002-03-14,1.249465475866351,16.475178954263136,-41.983565881918146,1.8449677957710666
2002-03-15,-0.32854588250737216,15.161499220520513,-42.32913519364555,3.8250863882829678
2002-03-16,-0.4017354445366773,15.644619077643359,-41.240578352901586,4.673378181451995
2002-03-17,-1.2776516149733357,15.627975875267916,-40.46316417367071,4.8468895277908
2002-03-18,-1.5022964344012775,14.394312685966739,-41.09682241510654,5.194546998999323
2002-03-19,-1.6421956918044123,14.287907665689875,-42.738730325681246,5.582504916691159
2002-03-20,-1.3846752840642722,13.529294218774993,-40.89436261991856,5.229866748868624
2002-03-21,-0.5340883970838499,13.965978192132487,-40.128626336069004,5.4221621430061395
2002-03-22,-0.35134295402262083,13.099260184660189,-40.16216044817108,4.720843622894658
2002-03-23,-1.7183822653682288,13.6776036719917,-40.764340394060824,3.678621738734204
2002-03-24,-2.113280698445881,13.123042836447725,-39.86222219119812,3.7318818071952946
2002-03-25,-2.6161809526449957,11.422143649537075,-40.36059735547309,3.4603805582776035
2002-03-26,-1.2241754327265166,10.233194534511892,-38.03045808201151,4.531272650632434
2002-03-27,-1.721927285307502,7.8665744526881625,-38.07673742956553,4.390196638150358
2002-03-28,-0.8213737407218087,8.126240159767917,-38.03720719342227,4.260639846898297
2002-03-29,-1.3527802128568343,6.178790692764549,-37.190427661249814,4.208698232385569
2002-03-30,-0.1658202657733181,7.116020253061152,-37.890495995020764,3.8746046066084103
2002-03-31,-0.6184514638974233,7.403449585014115,-36.16616369191749,4.486087069432913
2002-04-01,-0.862354702668964,7.182065276837925,-35.81948982503481,5.059463601668869
2002-04-02,-0.13822820236333822,6.7094619580089,-35.50439020190748,4.881857764876414
2002-04-03,-0.9276774776530352,4.7997247876755615,-36.80796831560684,6.015716901181746
2002-04-04,-1.2569806427335495,5.586134878319552,-37.132479024754645,7.366548987052129
2002-04-05,-2.1388277993899045,4.982339035775316,-37.35152405554807,7.286480300002375
2002-04-06,-1.8892287427874486,4.188205687564833,-37.63639810944971,7.554278407465754
2002-04-07,-2.8970517685645554,2.384978144448028,-38.12341582521323,6.099353665980974
2002-04-08,-0.8505487335589437,1.3380143390624348,-37.5255337742325,6.567141113296227
2002-04-09,-1.8738107663319803,3.1103539219944425,-37.432901176276935,6.962519557085055
2002-04-10,-1.6964534742274973,3.711932390301227,-35.75104615111487,6.558070589173914
2002-04-11,-1.2671494735314062,3.496401628503872,-35.883695535881046,5.58286185166218
2002-04-12,-2.7657698273237497,5.447072325357026,-35.054459964914855,5.113376098147429
2002-04-13,-3.8206074932716136,7.477523164602792,-34.398781161644486,4.02159203393321
2002-04-14,-1.9822870148632943,7.832584926259278,-35.458810659072036,5.505945841689722
2002-04-15,-2.224708747059549,6.212744532300613,-35.66518732003126,5.45961372959402
2002-04-16,-1.870302573465945,5.857434772369512,-34.962148544162744,6.400228406301536
2002-04-17,-1.5999253757479812,4.250677914894519,-36.17786594870588,7.087713200106047
2002-04-18,-2.891843247589512,3.1995459001418913,-37.32266914846085,8.666433673828967
2002-04-19,-3.013182510472839,2.7146015401794537,-37.117249426179114,7.605850135427383
2002-04-20,-2.8609248366748057,3.637964336372861,-36.8103983233367,8.723428710682178
2002-04-21,-2.4585703840096014,4.0716090495993615,-37.44438709332392,9.402666931455855
2002-04-22,-1.1812128899193997,4.440719225077112,-38.07293277966269,9.00685010734351
2002-04-23,-1.1999534065123219,3.1420583615660638,-39.73658329987805,8.351133612342924
2002-04-24,0.19290062750340442,1.8035687526810276,-42.122764369144946,7.918308396336568
2002-04-25,2.7900865241254413,0.8732690292915279,-41.982830161001424,8.021774637338494
2002-04-26,1.232499076823794,0.44722811203881063,-41.82980862167716,8.091113596420351
2002-04-27,1.252415966843946,0.7769833168532334,-40.28901292411013,7.938420384683695
2002-04-28,-0.2079599707102726,0.45095671751065247,-40.78624429069429,6.64397794490626
2002-04-29,-0.31912241061512847,-0.7043462461998274,-39.523473892662714,7.461740232027888
2002-04-30,-0.7242600465870843,-1.2245840078143657,-41.43753454231812,8.515329659283001
2002-05-01,0.2943376082887279,-1.9990103013731744,-41.2415806742657,8.299395694513938
2002-05-02,-0.6238739151027106,-1.4796045659345054,-41.385219726736075,9.511765166126883
2002-05-03,0.014315191730942756,-2.0366923558199894,-41.21351120547273,8.646266912127542
2002-05-04,1.201838227552645,-0.9810821482893943,-40.156720023442624,8.434435832003391
2002-05-05,1.714987593289842,-0.3063413355269051,-39.839985620161855,8.646320640797695
2002-05-06,2.4556580709166376,-0.721873747158965,-39.32100832630853,9.70799781413264
2002-05-07,3.173182834774516,-1.1518349393855627,-39.68866934993914,9.211747145225239
2002-05-08,4.465622437381929,-1.619780948255849,-38.197789486880595,9.674140090267777
2002-05-09,4.061674105886505,-2.4198513817766845,-36.74891987178809,10.118932734611633
2002-05-10,1.9928436499903084,-4.077118267711376,-36.40750715615894,10.505785375438709
2002-05-11,2.458823587720987,-4.920670131210444,-36.11058926154693,9.836978140550515
2002-05-12,1.3074080687347942,-2.5023453324471703,-34.368731391270316,8.904479966873936
2002-05-13,1.7927806220214024,-2.969752068407009,-35.416449083224315,10.225623557994119
2002-05-14,1.1735343418528523,-1.164771987450901,-35.79792948623698,9.752283630515917
2002-05-15,2.5974946828424015,-1.7667109353721568,-34.753047374563984,8.843964252742047
2002-05-16,3.7227587964813162,-2.207092939720684,-35.065852933381606,8.92447003362919
2002-05-17,3.778678905709794,-0.8184177281269096,-34.79106160758772,8.211246277317251
2002-05-18,4.079677659149675,0.8579512824299989,-33.33180943434931,9.258984318828011
2002-05-19,4.414618368921397,-1.689135732086862,-33.6887191580328,7.004468782988784
2002-05-20,4.624780335260189,-2.7148414939873318,-34.33562450487561,7.913414828079741
2002-05-21,3.6734756400285313,-4.12432298900049,-33.32847726497303,8.914002194699476
2002-05-22,3.039787820875222,-4.7966372661426355,-33.8900686232941,9.708439149516908
2002-05-23,3.0999708139352626,-6.0690402287246865,-36.40112547115092,10.61341250906583
2002-05-24,2.2717694569113553,-5.6150460256048165,-37.20827173776578,9.746248672443627
2002-05-25,2.139129159665276,-4.929851202247535,-37.65143123517084,9.122712278996142
2002-05-26,2.327720093255826,-5.123764894286575,-38.742435501879925,10.053727478592322
2002-05-27,1.8640494035733304,-5.239371842589888,-39.42903122296676,10.850402750708112
2002-05-28,1.773148284142223,-4.026287406108964,-39.2307956877559,11.682328452555437
2002-05-29,3.1189024420747744,-3.582954844551277,-40.511657981298605,11.343465762221635
2002-05-30,4.634061542133421,-3.0428544031656504,-39.53957569329555,12.201101436906852
2002-05-31,4.511857861642686,-3.1122349686138224,-39.08567276814139,11.590660556655745
2002-06-01,6.0040267332910435,-3.914720508805262,-39.777308491926114,10.69454571809152
2002-06-02,5.759573027163499,-3.5088584048095988,-42.81813551697363,10.621540076928762
2002-06-03,5.965446914857775,-3.750379151856675,-43.0136272170552,10.778661820951346
2002-06-04,4.90500113630114,-3.0770434154650133,-43.50729224699708,10.403960581996069
2002-06-05,5.083141871013046,-1.053665846642168,-41.67402064186749,10.115293636302928
2002-06-06,5.02348781558699,-2.2014856730109824,-41.76814913381942,8.318214328256857
2002-06-07,5.185444435218535,-2.0951647401521236,-42.73617884122672,7.47198498124104
2002-06-08,4.931786178450457,-1.0134916953715054,-41.857164942242946,7.833706809734461
2002-06-09,6.327973963324016,-1.745732008065494,-42.881461293912174,9.173807520016585
2002-06-10,6.006099787095995,-1.6820383620995647,-42.19036752065911,10.15416272515193
2002-06-11,3.688152780211669,-0.14860688011622525,-40.92011766456701,9.68597820707534
2002-06-12,4.2599983599922036,-2.891036654790092,-40.70985099897414,11.01608000639344
2002-06-13,3.3957769329254632,-2.3808478870889433,-41.128590154225805,8.359550581655192
2002-06-14,4.999477291239376,-2.695634536171709,-40.170320284415894,7.854480232023316
2002-06-15,6.491904113790519,-1.2962652092396716,-41.96784561451579,9.036582236555454
2002-06-16,6.284501294098444,-2.8077809784161127,-43.417013970486096,9.344479665741133
2002-06-17,7.075137057907556,-3.648471776100496,-43.036414976047254,9.572763325298256
2002-06-18,6.408811120053128,-5.342066142866569,-43.521486668455076,9.00361903790096
2002-06-19,8.241766345981977,-5.178938539235913,-42.878394308076444,9.01196771385267
2002-06-20,9.997875571500174,-5.960615498827761,-41.73253424926996,9.724744901153784
2002-06-21,8.533275451777024,-5.38834411088456,-41.756401525272594,10.034801765737226
2002-06-22,7.921139828039897,-5.6562448654261575,-41.71544037555031,10.35576131922483
2002-06-23,8.450013971595764,-6.164770334979141,-40.84068422525346,9.704855585354604
2002-06-24,8.853533520130432,-7.108959185022328,-40.367165082943735,9.815126619919269
2002-06-25,8.354967490243554,-7.56930776103764,-40.126126785366225,7.846289950056255
2002-06-26,7.802015596850946,-7.117619992833916,-37.165678283183276,8.400488808416977
2002-06-27,9.275240872003803,-6.975237030783888,-36.60404178283994,8.564923685801363
2002-06-28,10.228014864023931,-7.2842800109687555,-36.825667524797986,8.434702798958048
2002-06-29,11.563596489322938,-7.895230336088549,-37.98067649275573,7.883819392456539
2002-06-30,12.503785103582032,-9.586208580069988,-38.764605907471804,8.00929425212818
2002-07-01,12.874816808296579,-10.185041605598753,-37.365359080733725,8.268549133866907
2002-07-02,13.584980268694313,-10.213293767357944,-37.65059378363309,7.6682205501440635
2002-07-03,11.120721457586024,-11.520448991194106,-37.42294095439321,7.162700524443332
2002-07-04,10.71617197117195,-10.156109082708564,-36.59436452702311,6.696261534758038
2002-07-05,8.623215129368193,-9.489724423671497,-36.83624226946389,6.451761582093446
2002-07-06,8.729380167157778,-9.06840360881713,-36.004945179183395,8.07907263601386
2002-07-07,9.779215871630177,-7.628417001884918,-37.39401636275135,8.38433054922356
2002-07-08,9.40381386717415,-8.080549478263595,-37.41205525176563,8.777384210739893
2002-07-09,9.150326077354716,-8.154858701595899,-38.17930081627986,8.013750996407843
2002-07-10,9.726709953027926,-7.079258815269089,-37.62719990981535,7.047757374376367
2002-07-11,8.998808821724236,-8.093654190621091,-37.35165291019576,6.952736174271387
2002-07-12,8.602608804114233,-7.67766202317142,-38.646593131825256,7.242368827360861
2002-07-13,6.844162970388893,-7.788221041775553,-39.29093601742053,6.958516707349512
2002-07-14,7.0506675564966566,-7.857950551761819,-39.54458516776317,7.230904046715259
2002-07-15,4.47004771427557,-6.607468075896503,-37.21168092505772,8.431687682695438
2002-07-16,3.6424856083041584,-7.725663937758266,-37.85584781564842,9.793429947866738
2002-07-17,3.920247560188141,-7.483300910867889,-39.40487199022635,8.807900316415711
2002-07-18,6.320506472857458,-6.890430930193904,-40.824090930367426,8.52580706632672
2002-07-19,4.690320024777335,-4.592762829160202,-41.96976478190924,8.062917360282727
2002-07-20,4.733047498995696,-4.598747593687361,-43.32242793543628,8.393307925405173
2002-07-21,4.228145959238239,-5.133823323019147,-44.96087593034408,9.381109025719944
2002-07-22,3.580507995764886,-5.961878288343959,-44.95914895150772,9.747670597388806
2002-07-23,1.765165125701963,-4.794793940366968,-44.680849194157595,9.324529735012975
2002-07-24,2.59722938980493,-4.334996623222714,-44.915176808643544,8.860709966708106
2002-07-25,3.4643503078119764,-5.288101636679555,-43.70689420985593,8.699151309775456
2002-07-26,2.425475946533357,-6.132315783000163,-44.04596984720917,6.738920390741544
2002-07-27,1.989827804521276,-4.853125158779302,-45.44784859125312,5.638837173086335
2002-07-28,3.1722558407540005,-5.061213117137376,-46.440372912605675,5.587222348041911
2002-07-29,3.04850065958082,-5.347412307090688,-45.87284352534424,4.538028406361353
2002-07-30,3.5925480215126124,-5.527668179710133,-45.06946238160029,6.404712902866078
2002-07-31,5.459810364724703,-7.488822761496754,-43.72786552674936,7.426735051435999
2002-08-01,3.4896456772776805,-7.419433501526832,-41.57211306356397,7.704139688512903
2002-08-02,2.757768137917744,-7.03620692008044,-42.53121605031291,8.47127620891251
2002-08-03,1.7819110971239298,-5.823494620626775,-43.52944629935041,8.013830688190792
2002-08-04,0.6990809386614216,-7.380343609249657,-43.073023434981636,6.067365369825423
2002-08-05,-1.8487189171604286,-5.336528551685793,-42.05589010674826,6.616370509387957
2002-08-06,-1.5283818956015027,-5.59716634453797,-41.05693063198962,8.304683184493854
2002-08-07,-1.666010708687108,-5.47766468329418,-41.04112628952778,8.692182558470321
2002-08-08,-0.8639629101788715,-6.193233892550087,-40.456350671019614,8.011279291604684
2002-08-09,-0.7085253057193032,-5.768722393172735,-42.19790217111174,8.730670238265045
2002-08-10,-0.12000584490667443,-4.915894994438599,-42.506748256677724,10.173193836890482
2002-08-11,0.6341703059742699,-4.803330626877624,-41.14083792019127,9.741979616184983
2002-08-12,-0.1798281555225978,-5.845954832999726,-42.23698925614161,10.40056167110111
2002-08-13,-0.1037824723977169,-4.648800064110464,-41.940934744952834,10.415677846902652
2002-08-14,-1.1395021248653132,-4.668842757913344,-42.96690658271791,9.019570627579807
2002-08-15,-1.461843229361542,-5.748475725349339,-42.36790221848845,8.387614021928655
2002-08-16,-1.5231311653471635,-6.032351304931532,-42.86080982216816,9.653353107073775
2002-08-17,-2.5730858122425007,-6.038780533691404,-42.8429639936943,10.467345331714665
2002-08-18,-2.0499672705688745,-5.767810610483682,-42.832531248555114,9.87044485813513
2002-08-19,-3.3348052616099895,-5.151269980036347,-41.971402928320174,10.845055103897975
2002-08-20,-5.103929945869097,-5.610854058652251,-41.6962440025601,11.024391717575147
2002-08-21,-4.738070961965472,-6.89359238346357,-40.5613481708775,9.779621448232994
2002-08-22,-6.432059966815694,-7.582698920860958,-40.879412125324166,8.451444087525429
2002-08-23,-6.304435222332471,-5.745539809281564,-39.642744909636484,8.326328512328283
2002-08-24,-5.4952650411658,-5.963899984958361,-40.30030633890069,8.142465001469754
2002-08-25,-5.7177581164123294,-4.710707355557618,-41.5628311347385,8.711498649142802
2002-08-26,-5.048919736265089,-6.090311977110766,-41.01170226513934,8.969648810938885
2002-08-27,-4.477345001623803,-3.939416691869648,-41.910154995798294,9.42920782130808
2002-08-28,-4.613782681049464,-4.943555185098117,-42.982929279264084,10.87963922092377
2002-08-29,-5.493249185759401,-3.8278481160475915,-41.30120178514386,12.402481550652537
2002-08-30,-5.549860215417025,-1.36191545318998,-41.46424564645409,11.916244454882989
2002-08-31,-3.880338475136683,-0.88851597521391,-42.50179051931177,10.862911680414939
2002-09-01,-3.7847300728392463,0.3923558982264912,-42.44390677335796,10.313015358377026
2002-09-02,-6.895306104245956,-1.4439017541201589,-42.20614181615702,11.468908652373377
2002-09-03,-5.668002608534454,-1.7318516858691955,-42.54285366515358,10.82238309731077
2002-09-04,-5.7412030974042745,-0.23770857821889657,-42.08277173475201,11.751280553947117
2002-09-05,-5.902757631400955,-1.3155860620880595,-40.90815575685664,11.935439496096137
2002-09-06,-6.869820908496963,-2.154196004288093,-40.30964202925896,11.534219273364053
2002-09-07,-7.727477037000888,-3.5409707285315015,-40.07005801094714,11.734158836377837
2002-09-08,-7.694807598168571,-5.158912772212771,-40.48401609751075,11.73129930904179
2002-09-09,-8.52407017843087,-5.779784850772457,-40.22326881078439,12.164180700577088
2002-09-10,-8.999045899007475,-5.171883225963777,-40.31271742548065,11.39794329477139
2002-09-11,-7.487137951923484,-5.035084455393356,-40.38918493058306,10.50418313530892
2002-09-12,-8.669724535530763,-6.1296656904383955,-40.824514229918144,10.411309795988245
2002-09-13,-10.316334634669293,-6.395677829656256,-40.251924020554725,10.582722479605518
2002-09-14,-9.436994895597945,-5.647753888942702,-38.501547965472206,11.689095459547511
2002-09-15,-9.499680103159276,-2.8862176091470495,-38.27179657407548,10.56896545444468
2002-09-16,-8.125875405441349,-3.8789484042521973,-39.38658552993298,11.69272491662343
2002-09-17,-8.829368448862942,-3.153868777283999,-38.217825252338145,10.551278352535464
2002-09-18,-6.852058318882116,-2.3880654518561437,-38.98637124778594,10.212966003692268
2002-09-19,-8.879790353052226,-1.17114304584384,-38.44779070892591,10.302596473523156
2002-09-20,-8.415658279097038,-2.207756453946661,-39.754237256944364,9.552134880562159
2002-09-21,-6.806338165030804,-3.1804279184435122,-41.312470471303115,10.14571659329758
2002-09-22,-8.232370915950163,-1.5177528273700474,-39.72212050254591,10.833328297777566
2002-09-23,-8.74479518484876,0.21187608194271634,-39.21905376232536,10.913622968781391
2002-09-24,-8.85886692007189,-0.302380053072696,-39.762280189492955,11.087880542259045
2002-09-25,-8.37010560953961,-0.11331315332816713,-40.77528294735957,11.73013919703982
2002-09-26,-8.958056298667179,1.067926822636448,-39.87001246735611,11.48163446822028
